;;;;;;;1º CICLO;;;;;;;;;;;;;;;;;;
EIXO;OBJETIVO;META;COD DA ACAO;AÇÃO;ENVOLVIDOS;PRAZO FINAL;Status da ação ;Detalhamento do que foi realizado - se possivel fazer uma descrição incluindo dados numéricos;Dificuldades encontradas/ Sugestões;;;;;;;;;;;;;;;;
Energia;Objetivo 1: Reduzir o consumo de energia e ampliar a matriz de energia da UFSC;Meta 1 – Reduzir o consumo de energia e ampliar a matriz de energia da UFSC; 1 ;Ação 1 - Elaborar projetos arquitetônicos que permitam melhor utilização da iluminação natural e do fluxo de ar nas edificações.;DPAE;2029;Em andamento;Os projetos são desenvolvidos em conformidade com os requisitos de eficiência energética estabelecidos pelo RTQ do Inmetro, especialmente no que se refere à disposição e ao acionamento das luminárias. De modo geral, prioriza-se o aproveitamento da iluminação natural. Como exemplo, o projeto do CFM contempla amplas aberturas envidraçadas, um fosso central de iluminação e venezianas em todas as salas, favorecendo tanto a entrada de luz natural quanto a ventilação natural permanente.;Adaptações pelos usuários dos espaços originais, criando salas internas sem entrada de iluminação natural.;;;;;;;;;;;;;;;;
Energia;Objetivo 1: Reduzir o consumo de energia e ampliar a matriz de energia da UFSC;Meta 1 – Reduzir o consumo de energia e ampliar a matriz de energia da UFSC; 2 ;Ação 2 - Elaborar projetos básicos para subsidiar investimentos em painéis fotovoltaicos para geração de energia elétrica.;DPAE;2029;Em andamento;As viabilidades técnicas elaboradas pela COPLAN passaram a contemplar propostas para a implantação de sistemas fotovoltaicos, incluindo estimativas de geração de energia, economia financeira e orçamento preliminar para a implantação.;Orçamento e pendências de adequação das entradas de energia.;;;;;;;;;;;;;;;;
Energia;Objetivo 1: Reduzir o consumo de energia e ampliar a matriz de energia da UFSC;Meta 1 – Reduzir o consumo de energia e ampliar a matriz de energia da UFSC; 3 ;Ação 3 - Participar de chamadas públicas projetos nos Programas de Eficiência Energética - PEE vinculados à Agência Nacional de Energia Elétrica - ANEEL. ;CPGE;2029;Em andamento;Foram feitas conversas iniciais para avaliar a viabilidade de participação em editais de eficiência energética. Estão sendo realizados levantamentos nos sistemas de iluminação externa para identificar possiveis pontos de substituição a serem incluidos nesse tipo de projeto. ;Incertezas adiministrativas quanto ao rito de contratação dificultam o processo. Eventuais inadimplencias da instituição podem comprometer a participação nos editais Celesc.;;;;;;;;;;;;;;;;
Energia;Objetivo 1: Reduzir o consumo de energia e ampliar a matriz de energia da UFSC;Meta 1 – Reduzir o consumo de energia e ampliar a matriz de energia da UFSC; 4 ;Ação 4 - Instituir mecanismo de acompanhamento de consumo e geração de energia elétrica, em tempo real, para corrigir e modernizar sistemas de consumo nas edificações.;CPGE;2029;Em andamento;Principais sistemas de geração na Trindade e no Itacorubi foram incluidos em plataforma de monitoramento em tempo real baseada em Grafana, atualmente contando com 16 sistemas monitorados, totalizando 845 kW e 969 kWp.;"Parte dos sistemas de geração monitorados está inoperande em virtude de pendências com a concessionária ou falta de manutenção devido à ausencia de contrato especifico para esse fim.
Sistemas de medição em média tensão ainda não abrangem toda a UFSC.
Sistemas de medição em baixa tensão encontram-se majoritariamente inoperantes, desconectados ou inexistentes.";;;;;;;;;;;;;;;;
Energia;Objetivo 1: Reduzir o consumo de energia e ampliar a matriz de energia da UFSC;Meta 1 – Reduzir o consumo de energia e ampliar a matriz de energia da UFSC; 5 ;Ação 5 - Substituir as lâmpadas ineficientes por iluminação LED.;PU;2029;Não iniciado;;;;;;;;;;;;;;;;;;
Energia;Objetivo 1: Reduzir o consumo de energia e ampliar a matriz de energia da UFSC;Meta 1 – Reduzir o consumo de energia e ampliar a matriz de energia da UFSC; 6 ;Ação 6 - Programar os aparelhos para modo de economia de energia.;SETIC;2029;Concluído;Implementada politica de desligamento de computadores ocioso depois de 20 minutos;;;;;;;;;;;;;;;;;
Energia;Objetivo 1: Reduzir o consumo de energia e ampliar a matriz de energia da UFSC;Meta 1 – Reduzir o consumo de energia e ampliar a matriz de energia da UFSC; 7 ;Ação 7 - Estabelecer programa especializado de manutenção periódica das usinas fotovoltaicas.;DMPI;2029;Não iniciado;Conversas preliminares sobre o assunto, sem nenhuma definição do tipo de contratação, uma vez que grande parte dos sistemas ainda não está interligada à rede de alimentação da UFSC.;;;;;;;;;;;;;;;;;
Energia;Objetivo 1: Reduzir o consumo de energia e ampliar a matriz de energia da UFSC;Meta 1 – Reduzir o consumo de energia e ampliar a matriz de energia da UFSC; 8 ;Ação 8 - Monitorar consumo de energia reativa e implantar soluções adequadas nos locais identificados.;CPGE;2029;Não iniciado;Feitas apenas conversas iniciais sobre o tema. Será objeto do plano de trabalho da CPGE quando finalizadas as ações atualmente em curso.;Falta e medição em tempo real em toda a UFSC dificulta a identificação de pontos locais com problemas de consumo reativo excedente.;;;;;;;;;;;;;;;;
Energia;Objetivo 1: Reduzir o consumo de energia e ampliar a matriz de energia da UFSC;Meta 1 – Reduzir o consumo de energia e ampliar a matriz de energia da UFSC; 9 ;Ação 9 - Adquirir 80% de lampadas LED na aquisição de lampadas da universidade;DMPI;2029;Concluído;PE-090260/2025 - Porcesso  -  23080.046300/2025-54 - Aquisição de Lampadas LED = 10550 unidades  / outros tipos de lâmpadas = 1375 - Percentual de LED 88%;;;;;;;;;;;;;;;;;
Energia;Objetivo 1: Reduzir o consumo de energia e ampliar a matriz de energia da UFSC;Meta 1 – Reduzir o consumo de energia e ampliar a matriz de energia da UFSC; 10 ;Ação 10 - Avaliar a viabilidade técnica, regulatória e financeira da UFSC adquirir energia elétrica do mercado livre de energia;CPGE;2029;Em andamento;Durante o processo de renovação do contrato de energia da UFSC (23080.050251/2024-73) foi avaliada a possibilidade de migração ao mercado livre de energia. Se mostrou inicialmente não recomendável devido à falta de previsibilidade de orçamento na Instituição, resultando em risco de multas contratuais e possiveis interrupções no fornecimento. A situação será avaliada com mais profundidade futuramente.;"Falta de previsibilidade orçamentária dificulta/impede a migração.
São necessárias adequações físicas da infraestrutura.
";;;;;;;;;;;;;;;;
Energia;Objetivo 1: Reduzir o consumo de energia e ampliar a matriz de energia da UFSC;Meta 1 – Reduzir o consumo de energia e ampliar a matriz de energia da UFSC; 11 ;Ação 11 - Realizar retrofit no sistema de iluminaçaõ dos edifícios.;DMPI;2029;Não iniciado;;Esta demanda não compete ao Departamento de Manutenção, pois projetos de retrofit devem ser elaborados pelo Departamento de Projetos.;;;;;;;;;;;;;;;;
Energia;Objetivo 1: Reduzir o consumo de energia e ampliar a matriz de energia da UFSC;Meta 1 – Reduzir o consumo de energia e ampliar a matriz de energia da UFSC; 12 ;Ação 12 - Substituição de equipamentos por modelos mais eficientes no consumo de energia, com especial atenção para refrigeradores/freezers, aparelhos de ar condicionado e equipamentos de laboratório (ex.: destiladores de água).;DCOM;2029;Não iniciado;;;;;;;;;;;;;;;;;;
Energia;Objetivo 1: Reduzir o consumo de energia e ampliar a matriz de energia da UFSC;Meta 1 – Reduzir o consumo de energia e ampliar a matriz de energia da UFSC; 13 ;Ação 13 - Estabelecer critérios técnicos para compra e instalação de aparelhos de ar-condicionado.;DCOM;2029;Não iniciado;;;;;;;;;;;;;;;;;;
Energia;Objetivo 1: Reduzir o consumo de energia e ampliar a matriz de energia da UFSC;Meta 1 – Reduzir o consumo de energia e ampliar a matriz de energia da UFSC; 14 ;Ação 14 - Realizar ações de educação ambiental  para evitar o desperdício na utilização de energia elétrica nos Campi.                               ;CGA;2029;Em andamento;Foram realizadas duas postagesn no instagram do UFSC sustentavel e um post no site;;;;;;;;;;;;;;;;;
Energia;Objetivo 1: Reduzir o consumo de energia e ampliar a matriz de energia da UFSC;Meta 1 – Reduzir o consumo de energia e ampliar a matriz de energia da UFSC; 15 ;Ação 15 - Executar manutenções preventivas e preditivas dos equipamentos, de forma a evitar o aumento do consumo de energia elétrica.;DMPI;2029;Em andamento;Manutenção preventiva e corretiva de Centrais de Ar condicionado  - Contrato 210/2025 - Processo 23080.007855/2024-08. Catalogação de AC  - Contrato 175/2024 - 23080.006573/2024-85 -  Manutenção AC campi - Processo 23080.053065/2024-96.;https://drive.google.com/drive/folders/1JywnmMacAp6oq5AOM_5Hw9uormnjC4wh?usp=sharing;;;;;;;;;;;;;;;;
Energia;Objetivo 1: Reduzir o consumo de energia e ampliar a matriz de energia da UFSC;Meta 1 – Reduzir o consumo de energia e ampliar a matriz de energia da UFSC; 16 ;Ação 16 - Realizar as manutenções periódicas dos quadros de distribuição de energia elétrica.;DMPI;2029;Em andamento;Realizado através do Contrato 122/2021 - Processo 23080.052140/2019-34;https://drive.google.com/drive/folders/1JywnmMacAp6oq5AOM_5Hw9uormnjC4wh?usp=sharing;;;;;;;;;;;;;;;;
Energia;Objetivo 1: Reduzir o consumo de energia e ampliar a matriz de energia da UFSC;Meta 1 – Reduzir o consumo de energia e ampliar a matriz de energia da UFSC; 17 ;Ação 17 - Revisão das rotinas de trabalho das empresas terceirizadas prestadoras de serviço de limpeza com vistas a orientar sobre uso racional de água, energia e produtos químicos.;DPC;2029;Não iniciado;;;;;;;;;;;;;;;;;;
Energia;Objetivo 1: Reduzir o consumo de energia e ampliar a matriz de energia da UFSC;Meta 1 – Reduzir o consumo de energia e ampliar a matriz de energia da UFSC; 18 ;Ação 18 - Realizar a manutenção periódica de coberturas verdes.;PU;2029;Em andamento;;;;;;;;;;;;;;;;;;
Energia;Objetivo 1: Reduzir o consumo de energia e ampliar a matriz de energia da UFSC;Meta 1 – Reduzir o consumo de energia e ampliar a matriz de energia da UFSC; 19 ;Ação 19 - Promover anualmente capacitações para no mínimo 40 servidores abordando a temática da redução do consumo de energia elétrica.;CGA;2029;Concluído;Realizada capacitação com 25 servidores da UFSC em 2025 e com mais 20 em 2026;Poucos participantes interessados na temática;;;;;;;;;;;;;;;;
Energia;Objetivo 1: Reduzir o consumo de energia e ampliar a matriz de energia da UFSC;"Meta 2 – Adequar 3 subestações de energia para que tenham 
condições adequadas de segurança, manutenção e medição "; 20 ;AÇÃO 20 - Elaborar o Plano de Adequação de sistemas eletricos de média tensão;DMPI;2029;Concluído;SPA 002164/2020 - SPA 014853/2022 - SPA 074760/2022;O levantamento das adequações foi encaminhado para o DPAE para elaboração de projetos;;;;;;;;;;;;;;;;
Energia;Objetivo 1: Reduzir o consumo de energia e ampliar a matriz de energia da UFSC;"Meta 2 – Adequar 3 subestações de energia para que tenham 
condições adequadas de segurança, manutenção e medição "; 21 ;Ação 21 - Adequar 67% das infraestruturas (civil e eletrica) das subestações;PU;2029;Não iniciado;;;;;;;;;;;;;;;;;;
Energia;Objetivo 1: Reduzir o consumo de energia e ampliar a matriz de energia da UFSC;"Meta 2 – Adequar 3 subestações de energia para que tenham 
condições adequadas de segurança, manutenção e medição "; 22 ;AÇÃO 22 -Realizar, através de podas, manutenção periódica das árvores que prejudicam a fiação no entorno das substações de modo a precisar menos de 4 podas corretivas anuais.;DMPI;2029;Concluído;Realizado através do Contrato 53/2023 - Processo 23080.057884/2022-41;https://drive.google.com/drive/folders/1JywnmMacAp6oq5AOM_5Hw9uormnjC4wh?usp=sharing;;;;;;;;;;;;;;;;
Energia;Objetivo 1: Reduzir o consumo de energia e ampliar a matriz de energia da UFSC;"Meta 2 – Adequar 3 subestações de energia para que tenham 
condições adequadas de segurança, manutenção e medição "; 23 ;AÇÃO 23 -Realizar manutenção preventiva das subestações em conformidade com a legislação vigente.;DMPI;2029;Concluído;Realizado através do Contrato 53/2023 - Processo 23080.057884/2022-41;https://drive.google.com/drive/folders/1JywnmMacAp6oq5AOM_5Hw9uormnjC4wh?usp=sharing;;;;;;;;;;;;;;;;
Energia;Objetivo 1: Reduzir o consumo de energia e ampliar a matriz de energia da UFSC;"Meta 3 – Possuir 80% do parque fotovoltaico instalado em pleno 
funcionamento "; 24 ;Ação 24 - Operacionalizar os sistemas fotovoltaicos instalados;PU;2029;Em andamento;;;;;;;;;;;;;;;;;;
Energia;Objetivo 1: Reduzir o consumo de energia e ampliar a matriz de energia da UFSC;"Meta 3 – Possuir 80% do parque fotovoltaico instalado em pleno 
funcionamento "; 25 ;Ação 25 - Substituir relés de proteção em substações;PU;2029;Não iniciado;;;;;;;;;;;;;;;;;;
Energia;Objetivo 1: Reduzir o consumo de energia e ampliar a matriz de energia da UFSC;"Meta 3 – Possuir 80% do parque fotovoltaico instalado em pleno 
funcionamento "; 26 ;Ação 26 - Criar contrato de manutenção dos sistemas fotovoltaicos;DMPI;2029;Não iniciado;Conversas preliminares sobre o assunto, sem nenhuma definição do tipo de contratação, uma vez que grande parte dos sistemas ainda não está interligada à rede de alimentação da UFSC.;;;;;;;;;;;;;;;;;
Energia;Objetivo 1: Reduzir o consumo de energia e ampliar a matriz de energia da UFSC;"Meta 3 – Possuir 80% do parque fotovoltaico instalado em pleno 
funcionamento "; 27 ;Ação 27 - Aprimorar o banco de dados dos sistemas fotovoltaicos da UFSC;DPAE;2029;Em andamento;Tem sido realizado o levantamento dos sistemas instalados, bem como sua integração aos sistemas de monitoramento em tempo real.;Ausência de registros sistematizados dos projetos dos sistemas fotovoltaicos.;;;;;;;;;;;;;;;;
Agua;Objetivo 2: Reduzir o consumo de água da UFSC;"Meta 4 – Reduzir em 5% o consumo per capita médio diário entre 2025 e 
2029 em comparação ao consumo per capita de 2024 "; 28 ;Ação 28 - Monitorar e disponibilizar mensalmente os dados de consumo para toda a comunidade universitária;CGA;2025;Em andamento;É atividade regular;;;;;;;;;;;;;;;;;
Agua;Objetivo 2: Reduzir o consumo de água da UFSC;"Meta 4 – Reduzir em 5% o consumo per capita médio diário entre 2025 e 
2029 em comparação ao consumo per capita de 2024 "; 29 ;Ação 29 - Expandir canais e campanha de comunicação de vazamentos de água em todos os Campi.;CGA;2025;Não iniciado;"DGA: Tratativas de expansão de canais de comunicação com os campi não foram realizadas pela DGA. A DGA disponibilizou de forma online planilha com situação de atendimento dos chamados encaminhados ao canal de whastapp 4837214228, na página https://gestaoambiental.ufsc.br/gestao-das-aguas/monitoramento-do-consumo-de-agua/.
Foi criado um grupo no chat.ufsc.br com os principais atores para a gestão das água na UFSC, com servidores da PU e DGA, de forma a possibilitar tratativas rápidas entre os atores: https://chat.ufsc.br/group/Gestao_das_Aguas_UFSC_DGA_PU  ";Uma sugestão seria cada campi e unidade de Florianópolis disponibilizar um canal próprio de comunicação, similar ao que ocorre no campus Trindade. A DGA poderia encaminhar uma diretiva de como proceder. ;;;;;;;;;;;;;;;;
Agua;Objetivo 2: Reduzir o consumo de água da UFSC;"Meta 4 – Reduzir em 5% o consumo per capita médio diário entre 2025 e 
2029 em comparação ao consumo per capita de 2024 "; 30 ;Ação 30 - Elaborar plano de monitoramento em tempo real de consumo de água (Automatização dos medidores (telemetria));CGA;2026;Em andamento;DGA: Escopo de plano de monitoramento foi elaborado em março de 2026 pela DGA. O escopo carece de discussão interna com setores da PU para viabilidade de implantação.;Realizar discussão interna entre atores para viabilizar definir ações necessárias e redigir plano;;;;;;;;;;;;;;;;
Agua;Objetivo 2: Reduzir o consumo de água da UFSC;"Meta 4 – Reduzir em 5% o consumo per capita médio diário entre 2025 e 
2029 em comparação ao consumo per capita de 2024 "; 31 ;Ação 31 - Mapear os editais de fomento para otimizações em Gestão das Águas;SETIC ;2027;Não iniciado;Sem ações registradas;;;;;;;;;;;;;;;;;
Agua;Objetivo 2: Reduzir o consumo de água da UFSC;"Meta 4 – Reduzir em 5% o consumo per capita médio diário entre 2025 e 
2029 em comparação ao consumo per capita de 2024 "; 32 ;Ação 32 - Realizar ações de educação ambiental para uso racional da água;CGA;2029;Em andamento;DGA: Ministrado Curso de Capacitação em Sustentabilidade para Servidores em 2025 e 2026. Também foram realziadas duas postagens no intagram.;;;;;;;;;;;;;;;;;
Agua;Objetivo 2: Reduzir o consumo de água da UFSC;"Meta 4 – Reduzir em 5% o consumo per capita médio diário entre 2025 e 
2029 em comparação ao consumo per capita de 2024 "; 33 ;Ação 33 - Adequação dos abrigos de medidores da concessionária (Trindade) e CCA;PU;2026;Não iniciado;;;;;;;;;;;;;;;;;;
Agua;Objetivo 2: Reduzir o consumo de água da UFSC;"Meta 4 – Reduzir em 5% o consumo per capita médio diário entre 2025 e 
2029 em comparação ao consumo per capita de 2024 "; 34 ;Ação 34 - Elaborar plano para reuso de água de destiladores dos laboratórios e/ou para substituição de equipamentos por sistemas mais eficientes.;CGA;2029;Não iniciado;DGA: Não iniciado;;;;;;;;;;;;;;;;;
Agua;Objetivo 3 – Dar a destinação adequada para o esgoto da UFSC;Meta 5 – Encaminhar 100% do esgoto para a destinação adequada da UFSC; 35 ;Ação 35 - Levantamento da situação dos sistemas de água da chuva já implantados;DPAE;2029;Em andamento;"Foi realizado um levantamento pelo programa ""Se Liga na Rede"", por meio do qual foram identificados os pontos críticos de lançamento de esgoto na rede de drenagem pluvial. Dos 10 pontos críticos definidos, 4 foram resolvidos e 4 estão em projeto.";Pontos de difícil acesso com áreas situadas em cotas muito baixas, localizadas abaixo do nível da rede e sujeitas a alagamentos provocados pelo rio.;;;;;;;;;;;;;;;;
Agua;Objetivo 3 – Dar a destinação adequada para o esgoto da UFSC;Meta 5 – Encaminhar 100% do esgoto para a destinação adequada da UFSC; 36 ;Ação 36 - Realizar mapeamento do sistema de esgotamento sanitário da UFSC em Florianópolis;CGA;2029;Em andamento;DGA: Mapeamento do campus Trindade e Barra da Lagoa disponíveis. ;Consolidar mapeamentos existentes em base única. Realizar mapeamentos complementares.;;;;;;;;;;;;;;;;
Agua;Objetivo 3 – Dar a destinação adequada para o esgoto da UFSC;Meta 5 – Encaminhar 100% do esgoto para a destinação adequada da UFSC; 37 ;Ação 37 - Adequação de rede de coleta no Setor 10 - Moradia do Campus FLN.TRI;PU;2027;Em andamento;https://dfo.ufsc.br/reforma-da-moradia-estudantil-casa-do-estudante-universitario-ceu/;;;;;;;;;;;;;;;;;
Agua;Objetivo 3 – Dar a destinação adequada para o esgoto da UFSC;Meta 5 – Encaminhar 100% do esgoto para a destinação adequada da UFSC; 38 ;Ação 38 - Correção de ligações pontuais irregulares identificadas no PRAD;PU;2027;Não iniciado;;;;;;;;;;;;;;;;;;
Agua;Objetivo 4 – Dar publicidade sobre o manejo de águas pluviais da UFSC;Meta 6 – Apresentar estudos para 100% da área do campus FLN.TRI; 39 ;Ação 39 -  Realizar mapeamento cadastral da rede de drenagem do Campus FLN.TRI;DPAE;2027;Concluído;O relatório foi concluído no final de 2025, em parceria com o GTSIG.;Houve dificuldades operacionais decorrentes da ausência de projetos atualizados, sendo necessário inferir alguns trechos da infraestrutura com base nas informações disponíveis.;;;;;;;;;;;;;;;;
Agua;Objetivo 4 – Dar publicidade sobre o manejo de águas pluviais da UFSC;Meta 6 – Apresentar estudos para 100% da área do campus FLN.TRI; 40 ;Ação 40 - Elaborar diagnóstico das áreas críticas de alagamentos do Campus FLN.TRI;DPAE;2026;Em andamento;O DPAE está realizando o mapeamento das áreas de alagamento no Campus da UFSC, identificando os locais mais suscetíveis durante eventos de chuva de grande intensidade.;A ausência de equipamentos adequados dificulta a realização do levantamento das informações.;;;;;;;;;;;;;;;;
Agua;Objetivo 5 – Conservar os cursos de água na UFSC;Meta 7 – Apresentar estudos para 100% dos campi; 41 ;Ação 41 -  Realizar mapeamento dos cursos de água para todas as unidades da UFSC;CGA;2029;Em andamento;DGA: Mapeamentos do campus Trindade, Fazenda da Ressacada e Curitibanos já foram realizados. ;"Consolidar mapeamentos existentes em base única.
Realizar mapeamentos complementares.";;;;;;;;;;;;;;;;
Agua;Objetivo 5 – Conservar os cursos de água na UFSC;Meta 7 – Apresentar estudos para 100% dos campi; 42 ;Ação 42 - Elaborar plano de monitoramento fluviométrico e de qualidade de água para o campus FLN.TRI;CGA;2027;Em andamento;DGA: Ações de monitoramento de qualidade de água estão sendo realizadas no âmbito do PRAD, com horizonte de três anos. Plano de monitoramento fluviométrico ou de qualidade de médio e longo prazo não foram realizados.;;;;;;;;;;;;;;;;;
Materias;Objetivo 6 - Extinguir o uso copos plásticos descartáveis na UFSC;Meta 8 - Zerar a aquisição de copos plásticos descartáveis; 43 ;Ação 43 - Realizar anualmente ações educativas para incentivar a utilização de recipientes reutilizáveis/copos compostáveis. Estudar a vibilidade de eliminar nas formaturas, concursos, cursos, vestibulares e eventos o uso de copos plásticos com água;CGA;2029;Não iniciado;;;;;;;;;;;;;;;;;;
Materias;Objetivo 6 - Extinguir o uso copos plásticos descartáveis na UFSC;Meta 8 - Zerar a aquisição de copos plásticos descartáveis; 44 ;Ação 44 - Disponibilizar bienalmente ata para copos reutilizáveis para sala de reuniões;DCOM;2026;Não iniciado;;;;;;;;;;;;;;;;;;
Materias;Objetivo 6 - Extinguir o uso copos plásticos descartáveis na UFSC;Meta 8 - Zerar a aquisição de copos plásticos descartáveis; 45 ;Ação 45 - Disponibilizar na lista de materiais do almoxarifado copos descartável compostáveis para os locais que recebem;DGP;2029;Não iniciado;;;;;;;;;;;;;;;;;;
Materias;Objetivo 6 - Extinguir o uso copos plásticos descartáveis na UFSC;Meta 8 - Zerar a aquisição de copos plásticos descartáveis; 46 ;Ação 46 - Reavaliar as cotas de copos descartáveis compostáveis por setor.;DGP;2029;Não iniciado;;;;;;;;;;;;;;;;;;
Materias;Objetivo 6 - Extinguir o uso copos plásticos descartáveis na UFSC;Meta 8 - Zerar a aquisição de copos plásticos descartáveis; 47 ;Ação 47 - Incluir no formulário de reserva dos auditórios a recomendação de priorizar o uso de recipientes reutilizáveis ou compostáveis nos coffee breaks, ou solicitar que os participantes tragam seus próprios recipientes.;SECARTE;2028;Não iniciado;;;;;;;;;;;;;;;;;;
Materias;Objetivo 6 - Extinguir o uso copos plásticos descartáveis na UFSC;Meta 8 - Zerar a aquisição de copos plásticos descartáveis; 48 ;Ação 48 - Criar e-mail padrão para  sensibilização na abertura dos cursos de capacitação  destacando a importância do uso de recipientes reutilizáveis e informando que copos plásticos não serão fornecidos.;CCP;2029;Concluído;"A CCP não disponibiliza copos plásticos nos cursos presenciais.
";"Não foram identificadas dificuldades. 
Sem sugestões.";;;;;;;;;;;;;;;;
Materias;Objetivo 6 - Extinguir o uso copos plásticos descartáveis na UFSC;Meta 8 - Zerar a aquisição de copos plásticos descartáveis; 49 ;Ação 49 - Estudar a vibilidade de eliminar nas formaturas, concursos, cursos, vestibulares e eventos o uso de copos plásticos com água;CGA;2026;Não iniciado;;Não houve tempo para pensar na ação;;;;;;;;;;;;;;;;
Materias;Objetivo 6 - Extinguir o uso copos plásticos descartáveis na UFSC;Meta 8 - Zerar a aquisição de copos plásticos descartáveis; 50 ;Ação 50 - Não realizar licitação de aquisição de copos plásticos descartáveis;DCOM;2026;Não iniciado;;;;;;;;;;;;;;;;;;
Materias;Objetivo 6 - Extinguir o uso copos plásticos descartáveis na UFSC;Meta 8 - Zerar a aquisição de copos plásticos descartáveis; 51 ;Ação 51 - Proibir a utilização de copos plásticos descartáveis na UFSC, exceto nos casos em que sua utilização seja indispensável, mediante justificativa.;GR;2027;Não iniciado;;;;;;;;;;;;;;;;;;
Materias;Objetivo 6 - Extinguir o uso copos plásticos descartáveis na UFSC;Meta 8 - Zerar a aquisição de copos plásticos descartáveis; 52 ;Ação 52 - Disponibilizar, sempre que viável, pelo menos uma pia em cada edificação aberta ao público, destinada à limpeza dos copos reutilizáveis.;PU;2029;Não iniciado;;;;;;;;;;;;;;;;;;
Materias;Objetivo 6 - Extinguir o uso copos plásticos descartáveis na UFSC;Meta 8 - Zerar a aquisição de copos plásticos descartáveis; 53 ;Ação 53 - Estabelecer a obrigatoriedade de oferecer recipientes reutilizáveis nas lanchonetes ou, alternativamente, permitir que o usuário utilize seu próprio recipiente nas novas concessões. ;CGA;2028;Em andamento;Criado projeto juntamento com o Proessor André ;;;;;;;;;;;;;;;;;
Materias;Objetivo 6 - Extinguir o uso copos plásticos descartáveis na UFSC;Meta 8 - Zerar a aquisição de copos plásticos descartáveis; 54 ;Ação 54 - Mapear a distribuição de bebedouros e pontos de água potável nos campi.;DPAE;2029;Não iniciado;;Há insuficiência de pessoal para realizar o levantamento. Uma das formas de realizar o mapeamento seria por meio do cadastro patrimonial dos bebedouros. No entanto, verificou-se que a quantidade de bebedouros cadastrados é significativamente superior à quantidade efetivamente instalada.;;;;;;;;;;;;;;;;
Materias;Objetivo 6 - Extinguir o uso copos plásticos descartáveis na UFSC;Meta 8 - Zerar a aquisição de copos plásticos descartáveis; 55 ;Ação 55 - Disponibilizar ata de registro de preços para aquisição de bebedouros, com modelo padrão;DCOM;2026;Não iniciado;;;;;;;;;;;;;;;;;;
Materias;Objetivo 6 - Extinguir o uso copos plásticos descartáveis na UFSC;Meta 8 - Zerar a aquisição de copos plásticos descartáveis; 56 ;Ação 56 - Disponibilizar contrato de manutenção de bebedouros, incluindo o fornecimento de materiais necessários.;DPC;2029;Não iniciado;;;;;;;;;;;;;;;;;;
Materias;Objetivo 6 - Extinguir o uso copos plásticos descartáveis na UFSC;Meta 8 - Zerar a aquisição de copos plásticos descartáveis; 57 ;Ação 57 - Disponibilizar um banco de copos reutilizáveis para uso em eventos.  ;CGA;2029;Concluído;;Banco disponível na CGA;;;;;;;;;;;;;;;;
Materias;Objetivo 7 - Reduzir o uso de papel na UFSC;Meta 9; 58 ;Ação 58 - Realizar ações educativas, anualmente, para incentivar os professores e alunos a utilizarem plataformas digitais, como Moodle, Google Classroom, para compartilhar planos de ensino, textos e aplicar provas.;CGA;2029;Não iniciado;;;;;;;;;;;;;;;;;;
Materias;Objetivo 7 - Reduzir o uso de papel na UFSC;Meta 9; 59 ;Ação 59 - Oferecer anualmente treinamentos para servidores e alunos sobre o uso eficiente de ferramentas digitais, como Moodle, Google, SPA, entre outras.;CCP;2029;Concluído;"Ações:
1)PLANILHAS ELETRÔNICAS NA PRÁTICA (34 servidores concluintes)
2)MÍDIAS SOCIAIS PARA AGENTES DE COMUNICAÇÃO DA UFSC (14 servidores concluintes).
3)PLATAFORMA SOLAR: SPA E PEDIDOS (69 Concluintes); 
4)PAI - PORTAL DE ATENDIMENTO INSTITUCIONAL (34 concluintes)
5) ESTÁGIOS NA UFSC – LEGISLAÇÃO, SISTEMA E
ORIENTAÇÕES PARA COORDENADORIAS E COMISSÕES DE ESTÁGIOS - SIARE (22 concluintes)";"
O público-alvo da CCP são servidores docentes e técnicos administrativos em educação da UFSC. Não há oferta de ações para estudantes.";;;;;;;;;;;;;;;;
Materias;Objetivo 7 - Reduzir o uso de papel na UFSC;Meta 9; 60 ;Ação 60 - Manter a configuração das impressoras para frente e verso como padrão.;SETIC ;2025;Concluído;Todas as impressoras estão configuradas no modo de impressão frente e verso(duplex) por padrão;;;;;;;;;;;;;;;;;
Materias;Objetivo 7 - Reduzir o uso de papel na UFSC;Meta 9; 61 ;Ação 61 - Institucionalizar o envio de monografias, dissertações e teses às bancas examinadoras exclusivamente no formato digital. ;PROGRAD;2027;;;;;;;;;;;;;;;;;;;
Materias;Objetivo 7 - Reduzir o uso de papel na UFSC;Meta 9; 61 ;Ação 61 - Institucionalizar o envio de monografias, dissertações e teses às bancas examinadoras exclusivamente no formato digital. ;PROPG;2027;;;;;;;;;;;;;;;;;;;
Materias;Objetivo 7 - Reduzir o uso de papel na UFSC;Meta 9; 62 ;Ação 62 - Institucionalizar o uso exclusivo de diplomas digitais;GR;2027;Não iniciado;;;;;;;;;;;;;;;;;;
Materias;Objetivo 7 - Reduzir o uso de papel na UFSC;Meta 9; 63 ;"Ação 63 - Buscar alternativas para os processos acadêmicos e administrativos que, com base na pesquisa realizada sobre o ""uso de papel"", ainda exigem a impressão de documentos";SGI;2027;Não iniciado;Recebimento da demanda pela equipe atual do SGI.;Houve troca de servidores no SGI sem informação sobre a demanda. Nova servidora buscou informações com CGA e aguarda mudança na Administração Central para iniciar o contato com os demais envolvidos.;;;;;;;;;;;;;;;;
Materias;Objetivo 7 - Reduzir o uso de papel na UFSC;Meta 9; 64 ;Ação 64 - Realizar ações de educação ambiental para promover a impressão consciente, reduzir o uso de papel, incentivar práticas como impressão frente e verso, uso de rascunhos, redução da fonte e custos de impressão, além de promover o uso do SPA, assinatura digital UFSC e videoconferências virtuais, com avisos próximos às impressoras.;CGA;2028;Não iniciado;;;;;;;;;;;;;;;;;;
Materias;Objetivo 7 - Reduzir o uso de papel na UFSC;Meta 9; 65 ;Ação 65 - Disponibilizar aos usuários a quantidade de impressões utilizadas por setor, além de informações e mapeamento das multifuncionais na UFSC.;SETIC ;2026;Concluído;"A SeTIC disponibilizou um dashboard Criado um dashboard para isso:

https://dashboards.setic.ufsc.br/public/dashboard/90b8ced7-492e-45e0-a9d1-cc8a1e280661";;;;;;;;;;;;;;;;;
Materias;Objetivo 7 - Reduzir o uso de papel na UFSC;Meta 9; 66 ;Ação 66 - Reavaliar a necessidade de impressoras com base em levantamento técnico, visando otimizar o uso dos equipamentos, reduzir sua quantidade disponível e coibir o uso indevido.;SEPLAN;2027;Em andamento;"Questão de competência da SETIC.
Já respondida na planilha do setor - linhas 4 e 5.";Sugere-se retirar esta ação da planilha da SEPLAN.;;;;;;;;;;;;;;;;
Materias;Objetivo 7 - Reduzir o uso de papel na UFSC;Meta 9; 67 ;Ação 67 - Adquirir 70% de papel reciclado. ;DCOM;2029;Não iniciado;;;;;;;;;;;;;;;;;;
Materias;Objetivo 7 - Reduzir o uso de papel na UFSC;Meta 9; 68 ;Ação 68 - Adquirir 100% de papel com o selo Elemental Chlorine Free (ECF). ;DCOM;2026;Não iniciado;;;;;;;;;;;;;;;;;;
Materias;Objetivo 7 - Reduzir o uso de papel na UFSC;Meta 9; 69 ;Ação 69 - Reavaliar as cotas de papel A4 e A3 dos setores.;DGP;2026;Não iniciado;;;;;;;;;;;;;;;;;;
Materias;Objetivo 7 - Reduzir o uso de papel na UFSC;Meta 9; 70 ;Ação 70 - Criar diretriz visando a diminuição da distribuição de calendários físicos, blocos de papel e cadernos para os setores, adotando alternativas digitais como principal meio de consulta e organização.;GR;2025;Não iniciado;;;;;;;;;;;;;;;;;;
Materias;Objetivo 7 - Reduzir o uso de papel na UFSC;Meta 9; 71 ;Ação 71 - Disponibilizar envelopes vai-e-vem na lista de itens do almoxarifado.;DGP;2026;Não iniciado;;;;;;;;;;;;;;;;;;
Materias;Objetivo 7 - Reduzir o uso de papel na UFSC;Meta 9; 72 ;Ação 72 - Desenvolver critérios para a impressão de blocos de papel e post-its, levando em consideração a real necessidade de sua utilização e, sempre que possível, optando pelo uso de papel reutilizado.;IMPRENSA;2029;Não iniciado;;"A principal dificuldade reside no fato de que a ação pressupõe autonomia deliberativa que a Imprensa Universitária não detém, uma vez que a unidade atua exclusivamente como executora das demandas encaminhadas pelos setores solicitantes, sem interferir na natureza ou no volume do que é requisitado.

Sugere-se que o desenvolvimento dos critérios previstos nesta ação seja conduzido por uma comissão específica, preferencialmente constituída e orientada pela Reitoria, de forma que o estabelecimento e o cumprimento das diretrizes tenham o respaldo institucional necessário para alcançar todas as unidades demandantes. A Imprensa Universitária coloca-se à disposição para integrar essa comissão e contribuir com informações técnicas sobre os volumes produzidos.";;;;;;;;;;;;;;;;
Materias;Objetivo 8 - Reduzir a aquisição de materiais de expediente pela UFSC;Meta 10 - Realizar 100% das ações da meta; 73 ;Ação 73 - Revisar as listas de itens do almoxarifado, avaliando a real necessidade de cada item e assegurando que atendam aos critérios de sustentabilidade.;DGP;2027;Não iniciado;;;;;;;;;;;;;;;;;;
Materias;Objetivo 8 - Reduzir a aquisição de materiais de expediente pela UFSC;Meta 10 - Realizar 100% das ações da meta; 74 ;Ação 74 -Revisar as cotas de itens de almoxarifado para os setores, garantindo adequação às necessidades reais e aos princípios de sustentabilidade;DGP;2027;Não iniciado;;;;;;;;;;;;;;;;;;
Materias;Objetivo 8 - Reduzir a aquisição de materiais de expediente pela UFSC;Meta 10 - Realizar 100% das ações da meta; 75 ;Ação 75 -Operar o almoxarifado central com estoque mínimo de materiais essenciais;DGP;2027;Não iniciado;;;;;;;;;;;;;;;;;;
Materias;Objetivo 8 - Reduzir a aquisição de materiais de expediente pela UFSC;Meta 10 - Realizar 100% das ações da meta; 76 ;Ação 76 - Realizar bianualmente ações de educação ambiental para reduzir o uso de materiais de expediente.;CGA;2029;Não iniciado;;;;;;;;;;;;;;;;;;
Materias;Objetivo 8 - Reduzir a aquisição de materiais de expediente pela UFSC;Meta 10 - Realizar 100% das ações da meta; 77 ;Ação 77 - Incluir no contrato de prestação de serviços de limpeza a utilização de papel toalha de qualidade superior, a obrigatoriedade de envio de relatórios periódicos e a instalação de adesivos educativos em todos os dispensers.;DPC;2027;Não iniciado;;;;;;;;;;;;;;;;;;
Materias;Objetivo 8 - Reduzir a aquisição de materiais de expediente pela UFSC;Meta 10 - Realizar 100% das ações da meta; 78 ;Ação 78 - Adquirir e instalar dispensers de papel toalha com controle de quantidade e sistema de cadeado, com o objetivo de reduzir o desperdício e prevenir furtos;DCOM;2029;Não iniciado;;;;;;;;;;;;;;;;;;
Materias;Objetivo 9 - Reduzir o consumo de combustíveis fósseis pela UFSC;Meta 11- Reduzir em 10% o consumo de combustíveis fósseis no período de 2025 a 2029; 79 ;Ação 79- Desenvolver mecanismos para otimizar viagens e deslocamentos entre os campi com veículos oficiais, por meio do compartilhamento de trajetos, definição de regras de demanda, implantação de sistema de roteirização eletrônica, controle de rotas e implementação de sistemas automatizados de controle.;CTR;2029;Não iniciado;Em atendimento a solicitação, informamos que todos os processos deverão ser implatandos a partir do período de 2027 baseado em um plano para as atividades da gestão 2026-2030;Processo em andamento juntamente com a Setic ;;;;;;;;;;;;;;;;
Materias;Objetivo 9 - Reduzir o consumo de combustíveis fósseis pela UFSC;Meta 11- Reduzir em 10% o consumo de combustíveis fósseis no período de 2025 a 2029; 80 ;Ação 80 - Realizar anualmente ações de educação ambiental para incentivar a realizaçao de conferências on-line.;CGA;2029;Não iniciado;;;;;;;;;;;;;;;;;;
Materias;Objetivo 9 - Reduzir o consumo de combustíveis fósseis pela UFSC;Meta 11- Reduzir em 10% o consumo de combustíveis fósseis no período de 2025 a 2029; 81 ;Ação 81- Estudar a viabilidade da implantação do TAXI.gov ou de outro sistema de transporte sob demanda, visando otimizar a mobilidade e reduzir custos.;CTR;2029;Não iniciado;Em atendimento a solicitação, informamos que iremos criar um novo modelo de gestão de frota visando a otimização dos veículos e redução do connsumo ;Vamos estudar outro tipo de sistema de locação de veículos ;;;;;;;;;;;;;;;;
Materias;Objetivo 9 - Reduzir o consumo de combustíveis fósseis pela UFSC;Meta 11- Reduzir em 10% o consumo de combustíveis fósseis no período de 2025 a 2029; 82 ;"Ação 82- Estudar a viabilidade de substituição gradual da frota de veículos movidos a combustíveis fósseis por alternativas mais sustentáveis e menos poluentes.                                                                                              
Estudar a viabilidade da implantação do TAXI.gov ou de outro sistema de transporte sob demanda, visando otimizar a mobilidade e reduzir custos.                                                        
Desenvolver mecanismos para otimizar viagens e deslocamentos entre os campi com veículos oficiais, por meio do compartilhamento de trajetos, definição de regras de demanda, implantação de sistema de roteirização eletrônica, controle de rotas e implementação de sistemas automatizados de controle.";CTR;2029;Não iniciado;Em atendimento a solicitação, informamos que iremos criar um grupo de trabalho interno estabelecer novas formas de transporte e logística dentro das demandas da UFSC;Falta de planejamento específico e falta de recursos financeiros ;;;;;;;;;;;;;;;;
Materias;Objetivo 9 - Reduzir o consumo de combustíveis fósseis pela UFSC;Meta 11- Reduzir em 10% o consumo de combustíveis fósseis no período de 2025 a 2029; 83 ;Ação 83 - Estudar a viabilidade da instalação de pontos de recarga para carros elétricos no campus.;PU;2029;Não iniciado;;;;;;;;;;;;;;;;;;
Materias;Objetivo 9 - Reduzir o consumo de combustíveis fósseis pela UFSC;Meta 11- Reduzir em 10% o consumo de combustíveis fósseis no período de 2025 a 2029; 84 ;Ação 84 - Priorizar nas rondas de segurança o uso de veículos mais sustentáveis.;SSI;2026;Não iniciado;;;;;;;;;;;;;;;;;;
Materias;Objetivo 10 - Incentivar o consumo consciente da comunidade universitária;Meta 12 - Realizar 100% das ações da meta; 85 ;Ação 85 -Realizar anualmente ações de educação ambiental para incentivar o uso do Compartilha-UFSC;DGP;2029;Não iniciado;;;;;;;;;;;;;;;;;;
Materias;Objetivo 10 - Incentivar o consumo consciente da comunidade universitária;Meta 12 - Realizar 100% das ações da meta; 86 ;Ação 86 - Realizar bianualmente ações de educação ambiental para incentivar o consumo consciente na comunidade universitária, abordando temas como reutilização de materiais, obsolescência programada, moda sustentável, entre outros.;CGA;2029;Não iniciado;;;;;;;;;;;;;;;;;;
Materias;Objetivo 10 - Incentivar o consumo consciente da comunidade universitária;Meta 12 - Realizar 100% das ações da meta; 87 ;Ação 87 - Instituir um programa de prevenção ao desperdício de alimentos nos Restaurantes Universitários (RUs);RU;2026;Não iniciado;"Início do monitoramento dos restos de alimentos desperdiçados pelos usuários do Refeitório através de pesagem dos alimentos despejados em lixeiras durante a distribuição do Almoço em parceria com a CGA. Estes dados tem sido divulgados à Comunidade universitária através das páginas de Instagram UFSC sustentável e RU360 UFSC. Concomitantemente, iniciaram campanhas educativas, divulgadas também através do Instagram com vistas a propiciar melhor separação dos resíduos do Refeitório e redução do desperdício de alimentos por usuários. O monitoramento foi interrompido por alguns meses no início de 2026, porém já foi retomado.

Média de restos de alimentos referente ao mês de Setembro/2025 - 156kg/dia;

Média de restos de alimentos referente ao mês de Outubro/2025 - 136,4kg/dia;

Média de restos de alimentos referente ao mês de Novembro/2025 - 148,8kg/dia;

Média de restos de alimentos referente ao mês de Junho/2025 - 153kg/dia.

Houve dificuldade no início da implementação por falta de Bolsista encarregado da pesagem de resíduos. Esta questão já foi resolvida, possibilitando o retorno da pesagem a partir de junho de 2026.

Como continuidade das ações, seguirá o estudo e planejamento de monitoramento de resíduos no Jantar e no setor de Produção de alimentos.
";;;;;;;;;;;;;;;;;
Materias;Objetivo 11 - Incentivar o uso eficiente de dados móveis/telefone;Meta 13 - Realizar 100% das ações da meta; 88 ;Ação 88 - Realizar estudo para otimizar a utilização de sistemas VoIP nos setores. ;SETIC ;2027;Em andamento;Estamos desenvolvendo uma visão integrada que permitirá aos usuários verem quais telefones estão sem uso nos centros, permitindo uma ação distribuída (sem depender da SeTIC) de realocação de equipamentos.;;;;;;;;;;;;;;;;;
Materias;Objetivo 11 - Incentivar o uso eficiente de dados móveis/telefone;Meta 13 - Realizar 100% das ações da meta;;Ação 89 - Mapear todos os espaços da UFSC e cadastrar no Sief;Precisa retirar do PLS;;;;;;;;;;;;;;;;;;;;
Espaços físicos e mobilidade;Objetivo 12. Promover e otimizar a ocupação racional dos espaços da UFSC;Meta 14 - Realizar 100% das ações da meta; 90 ;Ação 90 - Mapear todos os espaços da UFSC e cadastrar no Sief;COEFI;2029;Não iniciado;;;;;;;;;;;;;;;;;;
Espaços físicos e mobilidade;Objetivo 12. Promover e otimizar a ocupação racional dos espaços da UFSC;Meta 14 - Realizar 100% das ações da meta; 91 ;Ação 91 - Publicação de Politica de uso e ocupação dos espaços (Iinternos e externos) com apliação de acessibilidade para pessoas com deficiência ou com mobilidade reduzida;COEFI;2029;Não iniciado;;;;;;;;;;;;;;;;;;
Espaços físicos e mobilidade;Objetivo 12. Promover e otimizar a ocupação racional dos espaços da UFSC;Meta 14 - Realizar 100% das ações da meta; 92 ;Ação 92 - Definição do uso e ocupação do Centro de Convivência da UFSC.;COEFI;2029;Não iniciado;;Dificuldades Encontradas: Assimetria de Rotinas entre Graduação e Pós-Graduação, Preocupação com a Sobrecarga de Trabalho e Dificuldades na Uniformização de Entendimentos. Sugestões: Criação de Comitê de Governança Participativa, Investimento em Treinamento e Nivelamento. ;;;;;;;;;;;;;;;;
Espaços físicos e mobilidade;Objetivo 12. Promover e otimizar a ocupação racional dos espaços da UFSC;Meta 14 - Realizar 100% das ações da meta; 93 ;Ação 93 - Estudo de viabilidade para implementação de secretarias integradas nos Centros da UFSC;CCA;2029;Em andamento;Efetuamos de alinhamento e diagnóstico, estudo de dimensionamento de pessoal e benchmarking institucional.;;;;;;;;;;;;;;;;;
Espaços físicos e mobilidade;Objetivo 12. Promover e otimizar a ocupação racional dos espaços da UFSC;Meta 14 - Realizar 100% das ações da meta;;Ação 93 - Estudo de viabilidade para implementação de secretarias integradas nos Centros da UFSC;CCB;2029;Não iniciado;;;;;;;;;;;;;;;;;;
Espaços físicos e mobilidade;Objetivo 12. Promover e otimizar a ocupação racional dos espaços da UFSC;Meta 14 - Realizar 100% das ações da meta;;Ação 93 - Estudo de viabilidade para implementação de secretarias integradas nos Centros da UFSC;CFH;2029;Não iniciado;;;;;;;;;;;;;;;;;;
Espaços físicos e mobilidade;Objetivo 12. Promover e otimizar a ocupação racional dos espaços da UFSC;Meta 14 - Realizar 100% das ações da meta;;Ação 93 - Estudo de viabilidade para implementação de secretarias integradas nos Centros da UFSC;ARA;2029;Não iniciado;;O Campus de Blumenau foi criado há 12 anos, e até o momento não teve a pactuação com o MEC cumprida no que se refere a quantitativo de vagas de TAEs. É necessário ampliar o quadro das secretarias integradas para garntir o pleno atendimento das demandas.;;;;;;;;;;;;;;;;
Espaços físicos e mobilidade;Objetivo 12. Promover e otimizar a ocupação racional dos espaços da UFSC;Meta 14 - Realizar 100% das ações da meta;;Ação 93 - Estudo de viabilidade para implementação de secretarias integradas nos Centros da UFSC;BLN;2029;Concluído;"Todas as Secretarias do Campus de Blumenau são integradas, a saber:

1) Secretaria de Pós-Graduação: conta com 3 (três) servidores, e atende 4 (quatro) programas de pós-graduação. Faz toda a parte de atendimento discente, atendimento docente, expediente administrativo dos programas e secretaria as reuniões dos colegiados.

2) Secretaria dos Colegiados de Curso: conta com 3 (três) servidores e atende 6 (seis) cursos de graduação, fazendo a parte de secretariar as reuniões dos seis colegiados de curso e os seis NDEs, bem como, expediente administrativo relacionado com alterações curriculares, expdição de diplomas.

3) Secretaria Acadêmica dos Cursos: conta com 4 (quatro) servidores e atende 6 (seis) cursos de graduação, fazendo a parte de balcão de atendimento dos alunos do campus, na parte de matrículas, emissão de documentos, além de cuidar do expediente administrativo dos estágios dos seis cursos de graduação.";Não houve.;;;;;;;;;;;;;;;;
Espaços físicos e mobilidade;Objetivo 12. Promover e otimizar a ocupação racional dos espaços da UFSC;Meta 14 - Realizar 100% das ações da meta;;Ação 93 - Estudo de viabilidade para implementação de secretarias integradas nos Centros da UFSC;CBN;2029;Concluído;O Campus de Curitibanos, desde sua fundação em 2009, já foi estruturado para funcionar com secretarias integradas. A partir de 2021, com a estruturação de setores por meio de Funções Gratificadas, as secretarias foram formalmente aglutinadas em: Serviço de Expediente dos Cursos de Graduação, Serviço de Expediente dos Cursos de Pós-Graduação e Serviço de Expediente Integrado dos Departamentos - ambos os setores funcionando em um mesmo espaço físico na sala CC1T12 - Térreo do prédio CBS01.;"A principal dificuldade identificada refere-se à resistência de parte dos servidores envolvidos, motivada por preocupações relacionadas ao aumento da carga de trabalho, mudanças na rotina de atividades e necessidade de adaptação a novos fluxos de trabalho.

Outro desafio relevante é o déficit de pessoal técnico-administrativo, uma vez que algumas coordenadorias contam atualmente com quantitativo de servidores inferior ao necessário para a execução adequada das atividades, havendo casos em que o número de servidores é inferior a um servidor por setor. Esse cenário pode impactar a implantação e a sustentabilidade do modelo de secretarias integradas.

Como sugestão, recomenda-se a continuidade das ações de sensibilização e esclarecimento junto às equipes, bem como a avaliação de medidas para recomposição ou otimização da força de trabalho, de forma a garantir condições adequadas para a implementação e consolidação do projeto.";;;;;;;;;;;;;;;;
Espaços físicos e mobilidade;Objetivo 12. Promover e otimizar a ocupação racional dos espaços da UFSC;Meta 14 - Realizar 100% das ações da meta;;Ação 93 - Estudo de viabilidade para implementação de secretarias integradas nos Centros da UFSC;CCE;2029;Em andamento;"Foram realizadas quatro reuniões de trabalho com as Coordenadorias de Pós-Graduação do Centro de Comunicação e Expressão (CCE), envolvendo coordenadores e servidores técnico-administrativos, com o objetivo de discutir a viabilidade e o modelo de implantação de secretarias integradas.

Como parte do processo de planejamento, foi realizada uma visita técnica ao Centro de Ciências Biológicas (CCB), unidade que já adotou o modelo de secretarias integradas, possibilitando a realização de benchmarking, troca de experiências e identificação de boas práticas aplicáveis ao contexto do CCE.

Também foram conduzidos levantamentos e pesquisas para elaboração de uma análise SWOT, visando identificar forças, fraquezas, oportunidades e ameaças relacionadas à implementação da iniciativa, subsidiando a definição de estratégias e ações para sua execução.

Atualmente, encontra-se em andamento o levantamento de dados das coordenadorias, incluindo informações sobre quantitativo de estudantes, formas de ingresso, número de docentes credenciados e demais indicadores operacionais, com o objetivo de dimensionar adequadamente a estrutura necessária para o funcionamento das secretarias integradas.

Paralelamente, está sendo realizada a reorganização e adequação de espaço físico para viabilizar uma fase piloto da iniciativa, com previsão de início no próximo semestre, contemplando inicialmente três secretarias de pós-graduação.";"Como o CTC possui 10 departamentos, 15 cursos de graduação e 13 programas de pós-graduação, a unificação em um único ambiente é, atualmente, inviável.

As unificações departamentais representam a alternativa mais adequada até o momento, pois consideram a distribuição espacial do centro e acessibilidade aos alunos.";;;;;;;;;;;;;;;;
Espaços físicos e mobilidade;Objetivo 12. Promover e otimizar a ocupação racional dos espaços da UFSC;Meta 14 - Realizar 100% das ações da meta;;Ação 93 - Estudo de viabilidade para implementação de secretarias integradas nos Centros da UFSC;CTC;2029;Não iniciado;"Os departamentos de Engenharia Sanitária e Ambiental e Engenharia Mecânica iniciaram implantação experimental de secretarias compartilhadas entre Departamento, Graduação e Pós-graduação.

O departamento de Arquitetura e Urbanismo, por sua vez, já atua de forma completamente unificada e serve como referência inicial para os departamentos ENS e EMC.

Uma iniciativa centralizada do CTC ainda não foi realizada, pois está em estágio de planejamento inicial utilizando como base os diálogos com os departamentos supracitados.

Como se trata de uma iniciativa departamental, ainda não há mudança do status de implementação por parte do CTC.";;;;;;;;;;;;;;;;;
Espaços físicos e mobilidade;Objetivo 12. Promover e otimizar a ocupação racional dos espaços da UFSC;Meta 14 - Realizar 100% das ações da meta;;Ação 93 - Estudo de viabilidade para implementação de secretarias integradas nos Centros da UFSC;CCS;2029;Não iniciado;;;;;;;;;;;;;;;;;;
Espaços físicos e mobilidade;Objetivo 12. Promover e otimizar a ocupação racional dos espaços da UFSC;Meta 14 - Realizar 100% das ações da meta;;Ação 93 - Estudo de viabilidade para implementação de secretarias integradas nos Centros da UFSC;CCJ;2029;Não iniciado;;No momento estamos planejando a integração da secretaria de pós-graduação junto às secretarias das demais coordenadorias.;;;;;;;;;;;;;;;;
Espaços físicos e mobilidade;Objetivo 12. Promover e otimizar a ocupação racional dos espaços da UFSC;Meta 14 - Realizar 100% das ações da meta;;Ação 93 - Estudo de viabilidade para implementação de secretarias integradas nos Centros da UFSC;CDS;2029;Em andamento;O CDS conta com apenas um departamento, uma coordenadoria de curso de graduação e outra de pós-graduação, a Coordenadoria de Educação Física Curricular e a Coordenadoria de Esportes e Atividades Físicas para a Comunidade. Neste período, foi organizado um espaço integrado de atendimento para as secretarias destas coordenadorias, com exceção da coordenadoria de pós-graduação. Foram feitas pequenas adequações em três salas que assim passaram a abrigar quatro setores, otimizando o uso destes espaços e permitindo a prestação de atendimento integrado aos usuários.;;;;;;;;;;;;;;;;;
Espaços físicos e mobilidade;Objetivo 12. Promover e otimizar a ocupação racional dos espaços da UFSC;Meta 14 - Realizar 100% das ações da meta;;Ação 93 - Estudo de viabilidade para implementação de secretarias integradas nos Centros da UFSC;CED;2029;Em andamento;"Há no CED integração das Secretarias dos cursos de graduação do CIN (Ciência de Dados, Arquivologia, Biblioteconomia e Ciência da Informação) por meio de um acordo de funcionamento conjunto, em caráter experimental, não caracterizando reorganização administrativa formal.

Além dessa iniciativa, as Secretarias das Coordenações de Pedagogia e Educação também possuem um protocolo experimental de atuação integrada, com compartilhamento de procedimentos e acesso mútuo aos sistemas administrativos (SPAs e CAGRs).";A dificuldade encontrada para a integração das secretarias foi o reduzido número de servidores disponíveis. No entanto, com a flexibilização conseguimos integrar algumas secretarias para ampliar o horário de atendimento aos usuários.;;;;;;;;;;;;;;;;
Espaços físicos e mobilidade;Objetivo 12. Promover e otimizar a ocupação racional dos espaços da UFSC;Meta 14 - Realizar 100% das ações da meta;;Ação 93 - Estudo de viabilidade para implementação de secretarias integradas nos Centros da UFSC;CFM;2029;Concluído;A direção do CFM visitou outros centros, com secretarias integradas, a fim de verificar como funcionam tais secretarias para uma posterior implementação de integração no CFM.;;;;;;;;;;;;;;;;;
Espaços físicos e mobilidade;Objetivo 12. Promover e otimizar a ocupação racional dos espaços da UFSC;Meta 14 - Realizar 100% das ações da meta;;Ação 93 - Estudo de viabilidade para implementação de secretarias integradas nos Centros da UFSC;CSE;2029;Não iniciado;;;;;;;;;;;;;;;;;;
Espaços físicos e mobilidade;Objetivo 12. Promover e otimizar a ocupação racional dos espaços da UFSC;Meta 14 - Realizar 100% das ações da meta;;Ação 93 - Estudo de viabilidade para implementação de secretarias integradas nos Centros da UFSC;JOI;2029;Não iniciado;;;;;;;;;;;;;;;;;;
Espaços físicos e mobilidade;Objetivo 12. Promover e otimizar a ocupação racional dos espaços da UFSC;Meta 14 - Realizar 100% das ações da meta; 94 ;Ação 94 - Destinar o volume de material em desuso que estão ocupando salas e garantir sua correta destinação.;DGP;2029;Não iniciado;;;;;;;;;;;;;;;;;;
Espaços físicos e mobilidade;Objetivo 12. Promover e otimizar a ocupação racional dos espaços da UFSC;Meta 14 - Realizar 100% das ações da meta; 95 ;Ação 95 - Incluir em todo novo contrato de concessão de espaços de lanchonetes, áreas de coworking associadas, sempre que o espaço fisico permitir.;PROAD;2029;Não iniciado;;Há insuficiência de pessoal para realizar o levantamento das necessidades de acessibilidade nas edificações. Além disso, muitas das adequações necessárias são de pequeno porte e não justificam a realização de processo licitatório. Nesses casos, a execução das intervenções fica a cargo do DME, que nem sempre dispõe de capacidade operacional para realizá-las.;;;;;;;;;;;;;;;;
Espaços físicos e mobilidade;Objetivo 13. Promover maior acessibilidade das pessoas com deficiência ou mobilidade reduzida nas edificações;Meta 15 - Realizar 100% das ações da meta; 96 ;Ação 96 - Realizar uma avaliação completa de acessibilidade em todos os espaços edificados.;DPAE;2029;Em andamento;Os projetos de novas edificações, como o do CFM, são desenvolvidos em conformidade com as normas vigentes de acessibilidade. A Divisão de Projetos de Reforma e Adequação a Acessibilidade (DIPRAA) elaborou entre 2025 e 2026, 14 projetos pontuais para acessibilidade, sendo a maior parte deles já executada.;A ausência de orçamento previamente definido dificulta a delimitação do escopo da demanda.;;;;;;;;;;;;;;;;
Espaços físicos e mobilidade;Objetivo 13. Promover maior acessibilidade das pessoas com deficiência ou mobilidade reduzida nas edificações;Meta 15 - Realizar 100% das ações da meta; 97 ;Ação 97 - Ampliar em 100% as rotas acessíveis.;DPAE;2029;Em andamento;Está sendo elaborado relatório técnico contendo alternativas de trajetos para a implantação do projeto Rotas Acessíveis 2, bem como uma Avaliação Pós-Ocupação (APO) do projeto Rotas Acessíveis 1.;;;;;;;;;;;;;;;;;
Espaços físicos e mobilidade;Objetivo 13. Promover maior acessibilidade das pessoas com deficiência ou mobilidade reduzida nas edificações;Meta 15 - Realizar 100% das ações da meta; 98 ;Ação 98 - Instalação de elevadores nas edificações que não possuem acessibilidade vertical, um por ano.;PU;2029;Não iniciado;;Sugere-se retirar esta ação da planilha da SEPLAN - questão de competência do GR. A criação de políticas fica a cargo do Gabinete da Reitoria.;;;;;;;;;;;;;;;;
Espaços físicos e mobilidade;Objetivo 13. Promover maior acessibilidade das pessoas com deficiência ou mobilidade reduzida nas edificações;Meta 15 - Realizar 100% das ações da meta; 99 ;Ação 99 - Adequação de ao menos 3 auditórios de acordo com as normas de acessibilidade. ;PU;2029;;;;;;;;;;;;;;;;;;;
Espaços físicos e mobilidade;Objetivo 13. Promover maior acessibilidade das pessoas com deficiência ou mobilidade reduzida nas edificações;Meta 15 - Realizar 100% das ações da meta; 100 ;Ação 100 - Ampliação do número de vagas especiais (PCD) de estacionamento de veículos. ;PU;2029;;;;;;;;;;;;;;;;;;;
Espaços físicos e mobilidade;Objetivo 14. Reduzir emissões de CO?;Meta 16 - Reduzir 5% ao ano da emissões de CO? com a frota própria e com viagens aéreas no período de 2025 a 2029.; 101 ;Ação 101 - Criar política de racionalização de viagens aéreas na UFSC;SEPLAN;2029;Em andamento;"Os gastos com diárias e passagens na UFSC em 2024 eram de aproximadamente
R$3.889.055,86. No intuito de reduzir essa despesa a partir de 2025, adotou-se a
política de reduzir em 50% os valores repassados para as unidades nesta rubrica,
além de condicionar a viagem de gestores ao pagamento de somente 50% das
diárias solicitadas. Esta ação permitiu economizar, em 2025, R$1.991.831,32.";Escassez de recursos e falta de mão de obra específica ;;;;;;;;;;;;;;;;
Espaços físicos e mobilidade;Objetivo 14. Reduzir emissões de CO?;Meta 16 - Reduzir 5% ao ano da emissões de CO? com a frota própria e com viagens aéreas no período de 2025 a 2029.; 102 ;Ação 102 - Reduzir o nº de viagens rodoviárias, otimizando o uso da frota própria através de sistema automatizado de agendamento a ser implantado e de regras para o atendimento da demanda e das prioridades;CTR;2029;Não iniciado;Em atendimento a solicitação, informamos que iremos criar um grupo de trabalho interno para revisar os itens a serem reduzidos dentro dos novos períodos pré-estabelecidos. ;Tem ocorrido dificuldades em conseguir as informacoes dos veiculos da UFSC, em 2025 nao enviaram os dados e nem responderam;;;;;;;;;;;;;;;;
Espaços físicos e mobilidade;Objetivo 14. Reduzir emissões de CO?;Meta 16 - Reduzir 5% ao ano da emissões de CO? com a frota própria e com viagens aéreas no período de 2025 a 2029.; 103 ;Ação 103 - Estudo de viabilidade para modernização do setor de transportes ;PU;2029;;;;;;;;;;;;;;;;;;;
Espaços físicos e mobilidade;Objetivo 14. Reduzir emissões de CO?;Meta 16 - Reduzir 5% ao ano da emissões de CO? com a frota própria e com viagens aéreas no período de 2025 a 2029.; 104 ;Ação 104 - Divulgar anualmente o inventário de emissão de CO²;CGA;2029;Em andamento;É uma atividade realizada anualmente;A implantação de novos bicicletários ou a adequação dos existentes está condicionada à execução de novas edificações ou de obras de reforma.;;;;;;;;;;;;;;;;
Espaços físicos e mobilidade;Objetivo 15 . Alterar a matriz modal de deslocamento da comunidade do campus Trindade, reduzindo a dependência do carro como meio de transporte individual mais utilizado.;Meta 17 - Melhorar as condições de uso do modal bicicleta, por meio de execução integral (100%) da ação planejada.; 105 ;Ação 105 - Adequar e ampliar as vagas de estacionamento de bicicletas em 40 %;DPAE;2029;Em andamento;"Em conjunto com as obras de novas edificações, vêm sendo elaborados projetos para implantação de novos bicicletários, adotando o padrão institucional da UFSC, com suportes do tipo ""U"" invertido. Essa solução está contemplada no CFH, CFM, Centro de Cultura e Eventos e na área ao lado do EFI. Também, foram implantados novos bicicletários junto ao RU do CCA.";;;;;;;;;;;;;;;;;
Espaços físicos e mobilidade;Objetivo 15 . Alterar a matriz modal de deslocamento da comunidade do campus Trindade, reduzindo a dependência do carro como meio de transporte individual mais utilizado.;Meta 18 - Realizar 100% das ações da meta; 106 ;Ação 106 - Implantação de controle de acesso de veículos ao Campus Trindade;GR;2029;Não iniciado;;;;;;;;;;;;;;;;;;
Espaços físicos e mobilidade;Objetivo 15 . Alterar a matriz modal de deslocamento da comunidade do campus Trindade, reduzindo a dependência do carro como meio de transporte individual mais utilizado.;Meta 18 - Realizar 100% das ações da meta; 107 ;Ação 107 - Articulação com municípios dos Campi fora sede para melhoria do Transporte Público ;PU;2029;;;;;;;;;;;;;;;;;;;
Espaços físicos e mobilidade;Objetivo 15 . Alterar a matriz modal de deslocamento da comunidade do campus Trindade, reduzindo a dependência do carro como meio de transporte individual mais utilizado.;Meta 18 - Realizar 100% das ações da meta; 108 ;Ação 108 - Retirada de estacionamentos irregulares em APP (ação do PRAD tbem);PU;2029;Em andamento;;A não oferta de ações de desenvolvimento externas ao  quadro de servidores decorreu, entre outros fatores, das limitações orçamentárias enfrentadas no período.;;;;;;;;;;;;;;;;
Contratações Sustentáveis;Objetivo 16 – Promover de forma ampla sustentabilidade nas contratações;Meta 19 – Realizar 100% das ações da meta; 109 ;Ação 109 - Oferecer treinamentos internos e externos sobre práticas inovadoras em contratações públicas sustentáveis para servidores do DCOM, DPC e CGA.;CCP;2029;Em andamento;Não houve servidores concluintes em treinamentos internos e externos sobre práticas inovadoras em contratações públicas sustentáveis para servidores do DCOM, DPC e CGA;;;;;;;;;;;;;;;;;
Contratações Sustentáveis;Objetivo 16 – Promover de forma ampla sustentabilidade nas contratações;Meta 19 – Realizar 100% das ações da meta; 110 ;Ação 110 - Analisar a incorporação da sustentabilidade no Plano Anual de Contratações (PAC)  da instituição, conforme preconiza a legislação.;PROAD;2026;Não iniciado;;;;;;;;;;;;;;;;;;
Contratações Sustentáveis;Objetivo 17 – Promover a aquisição de materiais mais sustentáveis pela UFSC;Meta 20; 111 ;Ação 111 - Incluir  marcador nas listas do calendário de compras do DCOM para destacar itens com critérios de sustentabilidade.;DCOM;2027;Não iniciado;;;;;;;;;;;;;;;;;;
Contratações Sustentáveis;Objetivo 17 – Promover a aquisição de materiais mais sustentáveis pela UFSC;Meta 20; 112 ;Ação 112 - Revisar as listas de materiais do DCOM, sempre que houver etapa de atualização prevista, garantindo a inclusão de critérios de sustentabilidade e a exclusão de itens com impacto ambiental negativo.;DCOM;2029;Não iniciado;;;;;;;;;;;;;;;;;;
Contratações Sustentáveis;Objetivo 17 – Promover a aquisição de materiais mais sustentáveis pela UFSC;Meta 20; 113 ;Ação 113 - Incluir a logística reversa nos Termos de Referência para materiais aplicáveis e definir um fluxo interno para sua destinação adequada.;DCOM;2027;Não iniciado;;;;;;;;;;;;;;;;;;
Contratações Sustentáveis;Objetivo 17 – Promover a aquisição de materiais mais sustentáveis pela UFSC;Meta 20; 114 ;Ação 114 - Adquirir gêneros alimentícios da agricultura familiar, do empreendedor familiar rural, ou de suas organizações, dando preferência aos alimentos orgânicos ou agroecológicos.;DCOM;2029;Não iniciado;;"Não foram identificadas dificuldades. 
Sem sugestões.";;;;;;;;;;;;;;;;
Contratações Sustentáveis;Objetivo 17 – Promover a aquisição de materiais mais sustentáveis pela UFSC;Meta 20; 115 ;Ação 115 - Incluir a temática da sustentabilidade nas capacitações anuais de compras de materiais.;CCP;2026;Concluído;"Ações:
1) AGENTES DA MUDANÇA: CURSO DE SUSTENTABILIDADE PARA SERVIDORES UFSC (09 servidores concluintes)
2) AGENTES DA MUDANÇA: CURSO DE SUSTENTABILIDADE PARA SERVIDORES UFSC - EAD (20 servidores concluintes)

Tópicos trabalhados nestes cursos:  Consumo Consciente e Contratações Sustentáveis; Consumo consciente de materiais; Sustentabilidade em contratações públicas.";;;;;;;;;;;;;;;;;
Contratações Sustentáveis;Objetivo 17 – Promover a aquisição de materiais mais sustentáveis pela UFSC;Meta 20; 116 ;Açõa 116 - Incluir nos Termos de Referência critérios de sustentabilidade, quando aplicável, para todos os itens do grupo a serem licitados.;DCOM;2029;Não iniciado;;Não tivemos tempo hábil;;;;;;;;;;;;;;;;
Contratações Sustentáveis;Objetivo 17 – Promover a aquisição de materiais mais sustentáveis pela UFSC;Meta 20; 117 ;Ação 117 - Realizar ações educativas anuais para promover a reflexão sobre compras sustentáveis, a inclusão de critérios de sustentabilidade e a escolha de materiais mais responsáveis pelos requisitantes.;CGA;2029;Não iniciado;;;;;;;;;;;;;;;;;;
Contratações Sustentáveis;Objetivo 17 – Promover a aquisição de materiais mais sustentáveis pela UFSC;Meta 20; 118 ;"Ação 118 - Desenvolver metodologia para calcular os custos indiretos ao longo do ciclo de vida dos materiais. 

";DCOM;2029;Não iniciado;;Não tivemos tempo hábil;;;;;;;;;;;;;;;;
Contratações Sustentáveis;Objetivo 17 – Promover a aquisição de materiais mais sustentáveis pela UFSC;Meta 20; 119 ;"Ação 119 - Atualizar o manual ""Contratações Sustentáveis - Módulo Materiais"", tornando-o mais prático e acessível, com adaptação para inteligência artificial e formato Wiki.";CGA;2028;Não iniciado;;;;;;;;;;;;;;;;;;
Contratações Sustentáveis;Objetivo 17 – Promover a aquisição de materiais mais sustentáveis pela UFSC;Meta 20; 120 ;Ação 120 - Elaborar, anualmente, relatório sobre os pregões que incorporaram critérios de sustentabilidade ambiental e os itens das listas de materiais do DCOM analisados sob essa perspectiva.;DCOM;2029;Não iniciado;;;;;;;;;;;;;;;;;;
Contratações Sustentáveis;Objetivo 17 – Promover a aquisição de materiais mais sustentáveis pela UFSC;Meta 20; 121 ;Ação 121 - Realizar estudos para criar  metodologia de contabilização e rastreamento dos critérios específicos de sustentabilidade nos Termos de Referência da UFSC.;DCOM;2029;Não iniciado;;Não tivemos tempo hábil;;;;;;;;;;;;;;;;
Contratações Sustentáveis;Objetivo 18 – Promover a contratação de serviços mais sustentáveis;Meta 21 – Garantir que 100% dos Termos de Referência incluam critérios de sustentabilidade, quando aplicável; 122 ;"Ação 122 - Atualizar o manual ""Contratações Sustentáveis - Módulo Serviço"" conforme a nova legislação, tornando-o mais prático e acessível, com adaptação para inteligência artificial e formato Wiki.";CGA;2026;Não iniciado;;;;;;;;;;;;;;;;;;
Contratações Sustentáveis;Objetivo 18 – Promover a contratação de serviços mais sustentáveis;Meta 21 – Garantir que 100% dos Termos de Referência incluam critérios de sustentabilidade, quando aplicável; 123 ;"Ação 123 - Incluir no Termo de Referência de contratações, no tópico ""Requisitos de Sustentabilidade"", e no ""Manual de Contratações"", orientações  para que o requerente, de forma autônoma, aplique critérios de sustentabilidade no serviço contrato.";DPC;2025;Não iniciado;;;;;;;;;;;;;;;;;;
Contratações Sustentáveis;Objetivo 18 – Promover a contratação de serviços mais sustentáveis;Meta 21 – Garantir que 100% dos Termos de Referência incluam critérios de sustentabilidade, quando aplicável; 124 ;Ação 124 - Incluir  no curso de planejamento de contratações orientações básicas (sites/manuais)  que indiquem caminhos para que o requerente possa, de forma autônoma, identificar possíveis impactos ambientais do serviço e buscar alternativas que contribuam para sua mitigação.;DPC;2025;Não iniciado;;;;;;;;;;;;;;;;;;
Contratações Sustentáveis;Objetivo 18 – Promover a contratação de serviços mais sustentáveis;Meta 21 – Garantir que 100% dos Termos de Referência incluam critérios de sustentabilidade, quando aplicável; 125 ;Ação 125 - Estabelecer fluxo para que o setor técnico competente avalie a adequação dos critérios de sustentabilidade inseridos pelo requerente e, quando necessário, sugira ajustes ou complementações.;DPC;2025;Não iniciado;;;;;;;;;;;;;;;;;;
Contratações Sustentáveis;Objetivo 18 – Promover a contratação de serviços mais sustentáveis;Meta 21 – Garantir que 100% dos Termos de Referência incluam critérios de sustentabilidade, quando aplicável; 126 ;Ação 126 - Incluir no checklist de contratação de serviços um item obrigatório que exija a inserção de critérios de sustentabilidade pelo requerente.;DPC;2025;Não iniciado;;;;;;;;;;;;;;;;;;
Contratações Sustentáveis;Objetivo 18 – Promover a contratação de serviços mais sustentáveis;Meta 21 – Garantir que 100% dos Termos de Referência incluam critérios de sustentabilidade, quando aplicável; 127 ;Ação 127 - Promover anualmente,  ações para orientar os requerentes sobre a inclusão de critérios ambientais nas contratações, incentivando boas práticas e a adoção de soluções mais sustentáveis;CGA;2029;Não iniciado;;;;;;;;;;;;;;;;;;
Contratações Sustentáveis;Objetivo 18 – Promover a contratação de serviços mais sustentáveis;Meta 21 – Garantir que 100% dos Termos de Referência incluam critérios de sustentabilidade, quando aplicável; 128 ;Ação 128 - Elaborar, anualmente, relatório sobre as contratações de serviços que incorporaram critérios de sustentabilidade ambiental, especificando as categorias abrangidas.;CGA;2029;Não iniciado;;;;;;;;;;;;;;;;;;
Contratações Sustentáveis;Objetivo 18 – Promover a contratação de serviços mais sustentáveis;Meta 21 – Garantir que 100% dos Termos de Referência incluam critérios de sustentabilidade, quando aplicável; 129 ;Ação 129 - Incluir na capacitação dos fiscais de contratos e no kit de fiscalização um conteúdo introdutório sobre a importância do monitoramento dos critérios de sustentabilidade nos contratos.;DPC;2026;Não iniciado;;;;;;;;;;;;;;;;;;
Contratações Sustentáveis;Objetivo 18 – Promover a contratação de serviços mais sustentáveis;Meta 21 – Garantir que 100% dos Termos de Referência incluam critérios de sustentabilidade, quando aplicável; 130 ;Ação 130 - Elaborar curso específico sobre sustentabilidade nas contratações públicas, abordando a inclusão e o monitoramento de critérios de sustentabilidade.;CGA;2029;Em andamento;;;;;;;;;;;;;;;;;;
Contratações Sustentáveis;Objetivo 19 – Promover a integração de critérios de sustentabilidade nas Concessões;Meta 22 – Garantir que 100% dos Termos de Referência incluam critérios de sustentabilidade, quando aplicável; 131 ;Ação 131 - Reforçar e criar novos mecanismos de controle social das concessões, com foco em critérios de sustentabilidade.;PROAD;2028;Não iniciado;;;;;;;;;;;;;;;;;;
Contratações Sustentáveis;Objetivo 19 – Promover a integração de critérios de sustentabilidade nas Concessões;Meta 22 – Garantir que 100% dos Termos de Referência incluam critérios de sustentabilidade, quando aplicável; 132 ;Ação 132 - Atualizar o Termo de Referência padrão para as lanchonetes, incluindo critérios de sustentabilidade.;DPC;2026;Não iniciado;;;;;;;;;;;;;;;;;;
Contratações Sustentáveis;Objetivo 19 – Promover a integração de critérios de sustentabilidade nas Concessões;Meta 22 – Garantir que 100% dos Termos de Referência incluam critérios de sustentabilidade, quando aplicável; 133 ;Ação 133 -Atualizar o Termo de Referência padrão para os restaurantes terceirizados, incluindo critérios de sustentabilidade.;DPC;2026;Não iniciado;;;;;;;;;;;;;;;;;;
Contratações Sustentáveis;Objetivo 19 – Promover a integração de critérios de sustentabilidade nas Concessões;Meta 22 – Garantir que 100% dos Termos de Referência incluam critérios de sustentabilidade, quando aplicável; 134 ;Ação 134 -Atualizar o Termo de Referência padrão para demais concessões, incluindo critérios de sustentabilidade.;DPC;2027;Não iniciado;;;;;;;;;;;;;;;;;;
Contratações Sustentáveis;Objetivo 19 – Promover a integração de critérios de sustentabilidade nas Concessões;Meta 22 – Garantir que 100% dos Termos de Referência incluam critérios de sustentabilidade, quando aplicável; 135 ;Ação 135 -Criar um checklist e um manual para auxiliar as concessões na inclusão de critérios de sustentabilidade obrigatórios e opcionais.;DPC;2028;Não iniciado;;;;;;;;;;;;;;;;;;
Contratações Sustentáveis;Objetivo 19 – Promover a integração de critérios de sustentabilidade nas Concessões;Meta 22 – Garantir que 100% dos Termos de Referência incluam critérios de sustentabilidade, quando aplicável; 136 ;"Ação 136 - Criar o selo ""Lanchonete Sustentável"".";CGA;2028;Em andamento;;;;;;;;;;;;;;;;;;
Contratações Sustentáveis;Objetivo 19 – Promover a integração de critérios de sustentabilidade nas Concessões;Meta 22 – Garantir que 100% dos Termos de Referência incluam critérios de sustentabilidade, quando aplicável; 137 ;Ação 137 - Realizar reuniões educativas com as equipes das concessões para promover e incentivar a adoção de boas práticas de sustentabilidade.;CGA;2029;Não iniciado;;;;;;;;;;;;;;;;;;
Inovação;Objetivo 20 – Realizar contratações públicas mais inovadoras;Meta 23 – Realizar 100% das ações da meta; 138 ;Ação 138- Estudar de que forma a temática da inovação pode ser incorporada nas capacitações sobre contratação de serviços e aquisição de materiais.;DPC;2027;Não iniciado;;;;;;;;;;;;;;;;;;
Inovação;Objetivo 20 – Realizar contratações públicas mais inovadoras;Meta 23 – Realizar 100% das ações da meta; 139 ;Ação 139 - Ampliar a realização de contratações compartilhadas com outras instituições para a aquisição de itens e serviços comuns.;PROAD;2029;Não iniciado;;;;;;;;;;;;;;;;;;
Inovação;Objetivo 20 – Realizar contratações públicas mais inovadoras;Meta 23 – Realizar 100% das ações da meta; 140 ;Ação 140 - Aderir ao almoxarifado virtual. ;DGP;2028;Não iniciado;;;;;;;;;;;;;;;;;;
Inovação;Objetivo 20 – Realizar contratações públicas mais inovadoras;Meta 23 – Realizar 100% das ações da meta; 141 ;Ação 141 - Estudar a viabilidade de adotar a modalidade Contratação Pública de Soluções Inovadoras (CPSI)  nas aquisições da UFSC, identificando serviços com potencial de inovação a partir de boas práticas de outras instituições.;PROAD;2028;Não iniciado;;;;;;;;;;;;;;;;;;
Inovação;Objetivo 21 – Estimular a academia a desenvolver soluções tecnológicas e inovações;Meta 24 – Realizar 100% das ações da meta; 142 ;Ação 142 - Criar edital para estudantes e professores com foco na solução de questões estratégicas da gestão da UFSC, incentivando a participação deles em propostas inovadoras para resolver problemas institucionais.;PROAD;2027;Não iniciado;;;;;;;;;;;;;;;;;;
Inovação;Objetivo 21 – Estimular a academia a desenvolver soluções tecnológicas e inovações;Meta 24 – Realizar 100% das ações da meta; 143 ;Ação 143 - Divulgar, anualmente, eventos e editais externos relacionados a Inovação, como FINEP, Innovation Day, Innovation Week, FECTI, editais, ofícios e outros.;SINOVA;2026;Em andamento;A SINOVA ainda fomenta a participação em eventos de relevância nacional como Startup Summit, Summit Cidades e STUN Festival. Em 2026, novos eventos estão sendo realizados com a participação da UFSC como CONECTA IA, ExpoDefense. A SINOVA vem realizando desde 2025 o Summit NITs - um evento que fomenta a conexão e o aprimoramento dos NITs. Além disso, as notícias relevantes em inovação, incluindo os itens do indicador, são divulgadas via Instagram, Facebook, LinkedIn e site SINOVA, sendo que os resultados evidenciam a ampliação do alcance, do engajamento e da visibilidade institucional, fortalecendo a comunicação digital e a aproximação com diferentes públicos.;Falta de servidores para que os atendimento possam ser ampliados;;;;;;;;;;;;;;;;
Inovação;Objetivo 21 – Estimular a academia a desenvolver soluções tecnológicas e inovações;Meta 24 – Realizar 100% das ações da meta; 144 ;Ação 144 -Realizar, anualmente, programa de mentoria para startups.;SINOVA;2029;Em andamento;"O projeto Conecta realiza mentorias para apoiar a formação profissional integral de discentes UFSC e já atendeu em 2026 45 pessoas. A SINOVA também possui 164 mentores na rede SINOVA UFSC. Além disso, desenvolve um programa que opera em eixos integrados: o Eixo I (Aceleração de Laboratórios), focado na estruturação da governança interna e portfólio de serviços dos ambientes de pesquisa; e o Eixo II (Criação e Desenvolvimento de Spin-offs), direcionado ao suporte de novos negócios originados da ciência. A iniciativa atende 10 laboratórios e envolve mais de 70 pesquisadores em modelagem de negócios, validação de mercado e transferência tecnológica";Falta de servidores para realizar os trâmites exigiu das equipe muitas horas de trabalho impactando em outras atividades do setor.;;;;;;;;;;;;;;;;
Inovação;Objetivo 21 – Estimular a academia a desenvolver soluções tecnológicas e inovações;Meta 24 – Realizar 100% das ações da meta; 145 ;"Ação 145 -Criar ""Prêmio de inovação UFSC - Academia"" para reconhecer e incentivar as contribuições criativas e inovadoras dos estudantes e docentes.";SINOVA;2028;Em andamento;"Em 2025 foram realizados 2 prêmios: Prêmio Empreendedor DNA-UFSC 2025 em que objetivou a identificação e o reconhecimento das iniciativas de pessoas, instituições e empresas que têm ou tiveram vínculo com a UFSC que se destacaram pelo seu protagonismo empreendedor (com 51 inscritos); e o Prêmio Inova UFSC – 2025 que buscou a identificação e o reconhecimento de soluções inovadoras, com resultados mensuráveis, que foram criadas e/ou têm sido realizadas no âmbito da UFSC (50 inscritos).";Falta de servidores para realizar os trâmites exigiu das equipe muitas horas de trabalho impactando em outras atividades do setor.;;;;;;;;;;;;;;;;
Inovação;Objetivo 21 – Estimular a academia a desenvolver soluções tecnológicas e inovações;Meta 24 – Realizar 100% das ações da meta; 146 ;Ação 146 -Promover, no mínimo a cada dois anos, seminários, oficinas e cursos de capacitação para a comunidade universitária com foco na temática da inovação acadêmica.;SINOVA;2029;Em andamento;"Em 2025 foram realizadas pela SINOVA: 13 palestras 
com 283 participantes; 02 cursos interno; e 03 cursos para docentes com 118 inscritos.
Os programas parceiros e apoiados pela SINOVA também realizaram tais atividades: Academy UFSC 21 palestras realizadas; 04 podcasts realizados; 2.497 inscrições nos eventos; 2.741 visualizações no YouTube; 1.383 inscritos no YouTube; 260 mil contas alcançadas no Instagram; Linc Social - 09 rotas de inovação realizadas em 08 espaços de inovação social; 378  inscrições nas rotas de inovação; 06 eventos participados/realizados; 01 Vitrine de Inovação Social criada; 01 minuta do Programa de Inovação Social da UFSC elaborada; 01 parceria com o SEBRAE/SC formalizada; 102 publicações no Instagram; 125 compartilhamentos no Instagram; 914 curtidas  no Instagram; 29.494 contas alcançadas no Instagram; Rede Curie 01 encontro presencial da rede realizado; 01 programa de ações presenciais e extensionistas realizado, envolvendo UFSC, escolas e parceiros institucionais; 10.130 mulheres, meninas e estudantes impactadas; 19.943 visualizações em conteúdos publicados no Instagram; 1.928 contas alcançadas nas redes sociais; + 490 interações no Instagram; 75 divulgações de editais e oportunidades realizadas; 50 materiais didáticos elaborados para apoio às ações formativas; 125 formulários estruturados (inscrição e pareamento de mentorias).";;;;;;;;;;;;;;;;;
Inovação;Objetivo 21 – Estimular a academia a desenvolver soluções tecnológicas e inovações;Meta 24 – Realizar 100% das ações da meta; 147 ;Ação 147 - Incentivar a realização de cursos de extensão focados em planos de negócios, inovação e empreendedorismo. ;PROEX;2027;;;;;;;;;;;;;;;;;;;
Inovação;Objetivo 22 – Estimular a inovação na gestão da UFSC;Meta 25 – Realizar 100% das ações da meta; 148 ;"Ação 148 - Criar o ""Prêmio Inovação UFSC - Gestão"", para reconhecer e incentivar práticas inovadoras na gestão institucional.";PROAD;2027;Não iniciado;;"Não foram identificadas dificuldades. 
Sem sugestões.";;;;;;;;;;;;;;;;
Inovação;Objetivo 22 – Estimular a inovação na gestão da UFSC;Meta 25 – Realizar 100% das ações da meta; 149 ;Ação 149 - Realizar capacitações para estimular a criatividade, inovação e empreendedorismo na gestão universitária.;CCP;2026;Concluído;"Ações:
1) INOVAÇÃO NO SETOR PÚBLICO (15 servidores concluintes). 

Ações da Escola de Gestores:
1) [ESCOLA DE GESTORES] CICLO DE DEBATES: PERSPECTIVAS INICIAIS ACERCA DOS ASSÉDIOS NAS RELAÇÕES DE TRABALHO (22 servidores concluintes)
2) [ESCOLA DE GESTORES] CICLO DE PALESTRAS EM GESTÃO UNIVERSITÁRIA (52 servidorres concluintes)
3) EVENTO DE ABERTURA DO PROGRAMA ESCOLA DE GESTORES DA UFSC - 2025 (132 servidores concluintes).
";;;;;;;;;;;;;;;;;
Inovação;Objetivo 22 – Estimular a inovação na gestão da UFSC;Meta 25 – Realizar 100% das ações da meta; 150 ;"Ação 150 -Realizar ""Semana da Inovação na UFSC"", para promover práticas inovadoras na gestão universitáriae incentivar boas práticas de gestão.";SINOVA;2029;Em andamento;A ação vem sendo realizada no prêmio de inovação que oportuniza o compartilhamento de práticas na UFSC. ;https://sinova.sites.ufsc.br/rede-sinova/redes-da-ufsc/ambientes_makers/ e https://sinova.sites.ufsc.br/portal-conhecimento/publicacoes_sinova/;;;;;;;;;;;;;;;;
Inovação;Objetivo 22 – Estimular a inovação na gestão da UFSC;Meta 25 – Realizar 100% das ações da meta; 151 ;"Ação 151 -Realizar estudo para a implementação de espaços de inovação na UFSC, como coworking, Fab Labs, laboratórios de inovação, hubs tecnológicos e áreas colaborativas.""";SINOVA;2029;Em andamento;Foram mapeados os ambientes makers da UFSC e foi realizada chamada para conhecimento dos ambientes de robótica. A definição de novos espaços está em andamento., especialmente das áreas colaborativas que foi inclusive realizado pela comissão dentro do comitê de inovação da UFSC. Além disso, na SINOVA, foi implantado um laboratório de inovação que está em operação. ;;;;;;;;;;;;;;;;;
Negocio de impacto;Objetivo 23 – Promover a inclusão social nas contratações e desfazimentos;Meta 26 – Realizar 100% das ações da meta; 152 ;Ação 152 - Aplicar decretos e incluir nas contratações tópicos que promovam a inclusão social, ações afirmativas e a qualidade de vida dos trabalhadores terceirizados na UFSC, garantindo a reserva de cargos (para pessoas com deficiência, ex-detentos, reabilitados da Previdência Social, aprendizes, mulheres em situação de violência e grupos étnicos minoritários).;DPC;2027;Não iniciado;;;;;;;;;;;;;;;;;;
Negocio de impacto;Objetivo 23 – Promover a inclusão social nas contratações e desfazimentos;Meta 26 – Realizar 100% das ações da meta; 153 ;Ação 153 - Incluir sempre que possivel, critérios sociais, nas contratação de serviços.;PROAD;2029;Não iniciado;;;;;;;;;;;;;;;;;;
Negocio de impacto;Objetivo 23 – Promover a inclusão social nas contratações e desfazimentos;Meta 26 – Realizar 100% das ações da meta; 154 ;Ação 154 - Estudar a viabilidade de contratação de organizações de catadores para recolher resíduos recicláveis da UFSC;CGA;2029;Não iniciado;;;;;;;;;;;;;;;;;;
Negocio de impacto;Objetivo 23 – Promover a inclusão social nas contratações e desfazimentos;Meta 26 – Realizar 100% das ações da meta; 155 ;Ação 155 - Estudar a viabilidade de proibir a participação em licitações ou a execução de contratos por pessoas físicas ou jurídicas condenadas, nos últimos cinco anos, por exploração de trabalho infantil, trabalho escravo ou contratação irregular de adolescentes, conforme a legislação trabalhista.;PROAD;2027;Não iniciado;;;;;;;;;;;;;;;;;;
Negocio de impacto;Objetivo 23 – Promover a inclusão social nas contratações e desfazimentos;Meta 26 – Realizar 100% das ações da meta; 156 ;Ação 156 - Promover a contratação de serviços com mão de obra local e micro e pequenas empresas (MPEs), conforme a Lei Complementar nº 123/2006, para estimular o desenvolvimento e a geração de empregos e renda na comunidade e na região.;DPC;2027;Não iniciado;;;;;;;;;;;;;;;;;;
Negocio de impacto;Objetivo 23 – Promover a inclusão social nas contratações e desfazimentos;Meta 26 – Realizar 100% das ações da meta; 157 ;Ação 157 - Estudar a viabilidade de  doar bens inservíveis a projetos sociais e conduzir um teste piloto.;DGP;2028;Não iniciado;;;;;;;;;;;;;;;;;;
Divulgação;Objetivo 24 – Divulgar amplamente o PLS na UFSC;Meta 27 – Realizar 100% das ações da meta; 158 ;Ação 158 - Envolver o Reitor como figura máxima da instituição na divulgação e promoção das iniciativas sustentáveis da UFSC.;GR;2029;Não iniciado;;;;;;;;;;;;;;;;;;
Divulgação;Objetivo 24 – Divulgar amplamente o PLS na UFSC;Meta 27 – Realizar 100% das ações da meta; 159 ;Ação 159 - Apresentar o  PLS para a Reitoria, Cun , Direções de Centro e Comissões Setoriais.;CGA;2029;Não iniciado;;;;;;;;;;;;;;;;;;
Divulgação;Objetivo 24 – Divulgar amplamente o PLS na UFSC;Meta 27 – Realizar 100% das ações da meta; 160 ;Ação 160 - Realizar uma apresentação pública do PLS.;CGA;2025;Não iniciado;;;;;;;;;;;;;;;;;;
Divulgação;Objetivo 24 – Divulgar amplamente o PLS na UFSC;Meta 27 – Realizar 100% das ações da meta; 161 ;Ação 161 - Divulgar o PLS e as principais ações realizadas nas principais plataformas digitais da UFSC, incluindo Notícias UFSC, instagram e Solar.;CGA;2029;Não iniciado;;;;;;;;;;;;;;;;;;
Divulgação;Objetivo 24 – Divulgar amplamente o PLS na UFSC;Meta 27 – Realizar 100% das ações da meta; 162 ;Ação 162 - Apresentar, a cada 2 anos, o PLS e o UFSC Sustentável em reuniões do conselho de unidade, com o objetivo de repassar aos professores a relação das ações do PLS que podem ser realizadas por meio de projetos e disciplinas.;CGA;2029;Não iniciado;;;;;;;;;;;;;;;;;;
Divulgação;Objetivo 24 – Divulgar amplamente o PLS na UFSC;Meta 27 – Realizar 100% das ações da meta; 163 ;Ação 163 -Apresentar o PLS e o UFSC Sustentável em reunião com as unidades administrativas da UFSC, a cada nova Gestão Administrativa, com o objetivo de repassar as ações do PLS de cada setor. ;CGA;2029;Não iniciado;;Atividade não foi iniciada;;;;;;;;;;;;;;;;
Divulgação;Objetivo 24 – Divulgar amplamente o PLS na UFSC;Meta 27 – Realizar 100% das ações da meta; 164 ;Ação 164 - Encaminhar anualmente e-mail aos professores com a relação das ações do PLS que poderiam ser realizadas através de Projetos e nas disciplinas.;PROPESQ;2029;Não iniciado;Ação não foi iniciada, necessário planejar em conjunto com a CGA um material para a divulgação das ações do PLS a serem divulgadas. ;;;;;;;;;;;;;;;;;
Divulgação;Objetivo 24 – Divulgar amplamente o PLS na UFSC;Meta 27 – Realizar 100% das ações da meta; 165 ;Ação 165 - Encaminhar anualmente e-mail aos setores administrativos com a relação das ações do PLS que poderiam ser realizadas no setor.;CGA;2029;Não iniciado;;;;;;;;;;;;;;;;;;
Divulgação;Objetivo 24 – Divulgar amplamente o PLS na UFSC;Meta 27 – Realizar 100% das ações da meta; 166 ;Ação 166 - Disponibilizar, a cada 2 anos, o painel de acompanhamento do progresso das ações previstas no PLS (Site do PLS e observatório UFSC).;CGA;2029;Não iniciado;;;;;;;;;;;;;;;;;;
Divulgação;Objetivo 25 – Criar uma cultura de sustentabilidade na UFSC;Meta 28 – Assegurar a oferta de capacitação para ao menos 10% dos servidores da UFSC com conhecimentos sobre sustentabilidade; 167 ;Ação 167 - Realizar capacitação anual para os servidores através de cursos de capacitação em gestão ambiental e sustentabilidade.;CGA;2029;Não iniciado;;"Não foram identificadas dificuldades. 
Sem sugestões.";;;;;;;;;;;;;;;;
Divulgação;Objetivo 25 – Criar uma cultura de sustentabilidade na UFSC;Meta 28 – Assegurar a oferta de capacitação para ao menos 10% dos servidores da UFSC com conhecimentos sobre sustentabilidade; 168 ;Ação 168 - Inserir módulo de sustentabilidade nos cursos de Integração de Novos Servidores TAEs.;CCP;2029;Concluído;"Ações:
Tópico inserido no módulo II do curso de Iniciação ao Ambiente Institucional UFSC/2025 (98 servidores concluintes).
Tópico 4 - Educação Ambiental e Sustentabilidade
";;;;;;;;;;;;;;;;;
Divulgação;Objetivo 25 – Criar uma cultura de sustentabilidade na UFSC;Meta 28 – Assegurar a oferta de capacitação para ao menos 10% dos servidores da UFSC com conhecimentos sobre sustentabilidade; 169 ;Ação 169 - Inserir módulo de sustentabilidade no curso de iniciação para os docentes do PROFOR. ;PROGRAD;2029;;;;;;;;;;;;;;;;;;;
Divulgação;Objetivo 25 – Criar uma cultura de sustentabilidade na UFSC;Meta 28 – Assegurar a oferta de capacitação para ao menos 10% dos servidores da UFSC com conhecimentos sobre sustentabilidade; 170 ;Ação 170 -Desenvolver capacitação com o objetivo de formar agentes ambientais que atuem como multiplicadores de novos cursos na UFSC, promovendo o engajamento da comunidade acadêmica na implementação de práticas sustentáveis e na conscientização sobre a importância da preservação ambiental.;CGA;2029;Não iniciado;;;;;;;;;;;;;;;;;;
Divulgação;Objetivo 25 – Criar uma cultura de sustentabilidade na UFSC;Meta 29 – Realizar 100% das ações da meta; 171 ;Ação 171 - Incentivar a divulgação, em todos os canais da UFSC de publicações, pesquisas acadêmicas e projetos de extensão sobre meio ambiente e sustentabilidade. ;SECOM;2029;Não iniciado;A SECOM incentiva a divulgação de publicações, pesquisas acadêmicas e projetos de extensão relacionados ao meio ambiente e à sustentabilidade nos canais institucionais da UFSC, seja por meio do apoio às unidades demandantes, seja pela identificação de oportunidades de divulgação. No período, contudo, não foi realizada ação ou campanha específica voltada exclusivamente a essa temática.;;;;;;;;;;;;;;;;;
Divulgação;Objetivo 25 – Criar uma cultura de sustentabilidade na UFSC;Meta 29 – Realizar 100% das ações da meta; 172 ;Ação 172 - Estabelecer a figura dos Agentes Ambientais da UFSC, responsáveis por promover, monitorar e apoiar as iniciativas de sustentabilidade.;CGA;2027;Não iniciado;;;;;;;;;;;;;;;;;;
Divulgação;Objetivo 25 – Criar uma cultura de sustentabilidade na UFSC;Meta 29 – Realizar 100% das ações da meta; 173 ;Ação 173 - Criar curso no Moodle Grupos autoinstrucional aberto, voltado para toda a comunidade universitária, sobre sustentabilidade ambiental. ;CGA;2029;Não iniciado;;;;;;;;;;;;;;;;;;
Divulgação;Objetivo 25 – Criar uma cultura de sustentabilidade na UFSC;Meta 29 – Realizar 100% das ações da meta; 174 ;Ação 174 -Incentivar a realização de eventos na UFSC com práticas mais sustentáveis.;CGA;2029;Não iniciado;;;;;;;;;;;;;;;;;;
Divulgação;Objetivo 25 – Criar uma cultura de sustentabilidade na UFSC;Meta 29 – Realizar 100% das ações da meta; 175 ;Ação 175 - Institucionalizar o mês de junho como o 'Mês do Meio Ambiente';GR;2026;Não iniciado;;;;;;;;;;;;;;;;;;
Divulgação;Objetivo 25 – Criar uma cultura de sustentabilidade na UFSC;Meta 29 – Realizar 100% das ações da meta; 176 ;Ação 176 - Selecionar quatro campanhas prioritárias de educação ambiental do PLS para grandes ações anuais e estabelecer um calendário mensal para as pequenas ações das temáticas não selecionadas;AGECOM;2026;Em andamento;Reunião inicial com CGA realizada, sem definição de quatro grandes temas. CGA enviou sugestão de programação mensal, com detalhamentos a serem discutidos entre equipes. ;;;;;;;;;;;;;;;;;
Divulgação;Objetivo 25 – Criar uma cultura de sustentabilidade na UFSC;Meta 29 – Realizar 100% das ações da meta;;Ação 176 - Selecionar quatro campanhas prioritárias de educação ambiental do PLS para grandes ações anuais e estabelecer um calendário mensal para as pequenas ações das temáticas não selecionadas;CGA;2026;Não iniciado;;Apresentação do PLS e UFSC Sustentável no CCB, CSE;;;;;;;;;;;;;;;;
Divulgação;Objetivo 25 – Criar uma cultura de sustentabilidade na UFSC;Meta 29 – Realizar 100% das ações da meta; 177 ;Ação 177 - Incluir na recepção dos novos estudantes de graduação (aula magna e aula inaugural) tópicos relacionados a sustentabilidade.;CGA;2029;Em andamento;;Divulgado para os intagrans dos Centros Acadêmicos e Atléticas;;;;;;;;;;;;;;;;
Divulgação;Objetivo 25 – Criar uma cultura de sustentabilidade na UFSC;Meta 29 – Realizar 100% das ações da meta; 178 ;Ação 178 - Incentivar e divulgar recepção dos estudantes (trotes) mais sustentáveis.;CGA;2029;Em andamento;;;;;;;;;;;;;;;;;;
Divulgação;Objetivo 25 – Criar uma cultura de sustentabilidade na UFSC;Meta 29 – Realizar 100% das ações da meta;;Ação 179 - Atualizar o vídeo do UFSC Sustentável, incorporando as novas boas práticas de sustentabilidade e os dados mais recentes sobre as ações ambientais da UFSC.;CGA;2029;Não iniciado;;;;;;;;;;;;;;;;;;
Divulgação;Objetivo 25 – Criar uma cultura de sustentabilidade na UFSC;Meta 29 – Realizar 100% das ações da meta; 179 ;Ação 179 - Ampliar a colaboração das postagens sobre sustentabilidade nas redes sociais da UFSC e do UFSC Sustentável, além de expandir a presença do UFSC Sustentável em novas plataformas digitais.;CGA;2029;;;;;;;;;;;;;;;;;;;
Divulgação;Objetivo 25 – Criar uma cultura de sustentabilidade na UFSC;Meta 29 – Realizar 100% das ações da meta; 180 ;Ação 180 - Desenvolver materiais de apoio (como cartilhas, vídeos explicativos e lista de perguntas frequentes) trazendo informações de forma direta sobre a questão de sustentabilidade na UFSC.;CGA;2026;Não iniciado;;;;;;;;;;;;;;;;;;
Divulgação;Objetivo 25 – Criar uma cultura de sustentabilidade na UFSC;Meta 29 – Realizar 100% das ações da meta; 181 ;Ação 181 -  Disponibilizar, na página “calouros.ufsc.br”, ícone para página do UFSC sustentabilidade e vídeo institucional do UFSC Sustentável. ;PROGRAD;2026;;;;;;;;;;;;;;;;;;;
Divulgação;Objetivo 25 – Criar uma cultura de sustentabilidade na UFSC;Meta 29 – Realizar 100% das ações da meta; 182 ;Ação 182 - Incluir um widget na página principal do site da UFSC  e incentivar que as páginas dos Centros de Ensino também adotem essa prática, promovendo maior visibilidade e interação com as iniciativas sustentáveis da universidade.;AGECOM;2026;Em andamento;Widget no site da UFSC. Aguardando entrada da nova gestão para iniciar conversas com Centros de Ensino - pode haver necessidade de contatos referentes a outros tipos de ação envolvendo os centros.;;;;;;;;;;;;;;;;;
Divulgação;Objetivo 25 – Criar uma cultura de sustentabilidade na UFSC;Meta 29 – Realizar 100% das ações da meta; 183 ;Ação 183 -Atualizar o vídeo do UFSC Sustentável, incorporando as novas boas práticas de sustentabilidade e os dados mais recentes sobre as ações ambientais da UFSC.;CGA;2026;Não iniciado;;;;;;;;;;;;;;;;;;
Divulgação;Objetivo 25 – Criar uma cultura de sustentabilidade na UFSC;Meta 29 – Realizar 100% das ações da meta; 184 ;Ação 184 - Estabelecer um banco de boas práticas relacionadas à sustentabilidade, tanto internas quanto externas à UFSC, compartilhando experiências e iniciativas bem-sucedidas ;CGA;2027;Não iniciado;;;;;;;;;;;;;;;;;;
Divulgação;Objetivo 25 – Criar uma cultura de sustentabilidade na UFSC;Meta 29 – Realizar 100% das ações da meta; 185 ;Ação 185 - Divulgar os mascotes da sustentabilidade do UFSC Sustentável e incentivar o uso de suas imagens pela comunidade universitária.;CGA;2026;Não iniciado;;;;;;;;;;;;;;;;;;
Divulgação;Objetivo 25 – Criar uma cultura de sustentabilidade na UFSC;Meta 29 – Realizar 100% das ações da meta; 186 ;Ação 186 - Realizar, no mínimo, uma intervenção artística que chame a atenção para questões relacionadas à sustentabilidade, utilizando a arte como ferramenta de sensibilização e engajamento da comunidade universitária.;CGA;2029;Não iniciado;;Feito um vídeo de divulgação e postado no UFSC Sustentável;;;;;;;;;;;;;;;;
Divulgação;Objetivo 25 – Criar uma cultura de sustentabilidade na UFSC;Meta 29 – Realizar 100% das ações da meta; 187 ;Ação 187 - Divulgar o UFSC Sustentável, aproveitando a celebração de seu 10º aniversário em 2025.;CGA;2025;Concluído;;;;;;;;;;;;;;;;;;
Divulgação;Objetivo 25 – Criar uma cultura de sustentabilidade na UFSC;Meta 29 – Realizar 100% das ações da meta; 188 ;Ação 188 - Realizar, anualmente, a Semana da Árvore da UFSC.;CGA;2029;Não iniciado;;Realizada a Semana do Meio Ambiente de 2025 e 2026;;;;;;;;;;;;;;;;
Divulgação;Objetivo 25 – Criar uma cultura de sustentabilidade na UFSC;Meta 29 – Realizar 100% das ações da meta; 189 ;Ação 189 - Realizar, anualmente, a Semana do Meio Ambiente da UFSC.;CGA;2029;Em andamento;;;;;;;;;;;;;;;;;;
Divulgação;Objetivo 25 – Criar uma cultura de sustentabilidade na UFSC;Meta 29 – Realizar 100% das ações da meta; 190 ;Ação 190 - Realizar, bienalmente, a Mostra Científica sobre sustentabilidade.;CGA;2029;Não iniciado;;;;;;;;;;;;;;;;;;
Divulgação;Objetivo 25 – Criar uma cultura de sustentabilidade na UFSC;Meta 29 – Realizar 100% das ações da meta; 191 ;Ação 191 - Promover passagens de educação ambiental nos setores.;CGA;2029;Não iniciado;;;;;;;;;;;;;;;;;;
Divulgação;Objetivo 25 – Criar uma cultura de sustentabilidade na UFSC;Meta 29 – Realizar 100% das ações da meta; 192 ;Ação 192 - Reformular o dashboard interativo do Observatório UFSC atualizado com dados relevantes sobre sustentabilidade.;CGA;2029;Não iniciado;;Em relação aos concursos para a carreira do magistério superior, entretanto, comissão instituída para revisar e atualizar a normativa de concursos da UFSC concluiu que não seria viável estabelecer conteúdo programático comum dessa natureza. O entendimento foi de que, diferentemente dos concursos para TAEs, não há uma prova geral única aplicável a todos os certames, pois cada concurso é destinado a uma área específica do conhecimento, possui conteúdo programático próprio e é conduzido pelo respectivo departamento acadêmico responsável pela seleção.;;;;;;;;;;;;;;;;
Divulgação;Objetivo 25 – Criar uma cultura de sustentabilidade na UFSC;Meta 29 – Realizar 100% das ações da meta; 193 ;Ação 193 - Manter nos concursos para os técnicos-administrativos em educação realizados pela UFSC, conteúdo programático sobre sustentabilidade e incentivar que esse tópicos sejam também inseridos na seleção dos professores.;PRODEGESP;2029;Em andamento;Nos conteúdos programáticos dos concursos da carreira dos Técnicos-Administrativos em Educação (TAEs), a exigência de noções de sustentabilidade é mantida, para todos os cargos, por se tratar de conteúdo comum compatível com a estrutura desses certames, que são realizados por meio de prova objetiva elaborada e aplicada pela COPERVE para todos os cargos.;;;;;;;;;;;;;;;;;
Divulgação;Objetivo 25 – Criar uma cultura de sustentabilidade na UFSC;Meta 29 – Realizar 100% das ações da meta; 194 ;Ação 194 - Participar, anualmente, da Agenda Ambiental da Administração Pública e de rankings nacionais e internacionais de sustentabilidade, visando o reconhecimento e aprimoramento das práticas ambientais.;CGA;2029;Não iniciado;;;;;;;;;;;;;;;;;;
Divulgação;Objetivo 26 – Garantir a implementação e continuidade das ações internas de sustentabilidade na UFSC;Meta 30 – Realizar 100% das ações da meta; 195 ;Ação 195 - Manter em funcionamento a Comissão Permanente de Sustentabilidade.;GR;2029;Não iniciado;;;;;;;;;;;;;;;;;;
Divulgação;Objetivo 26 – Garantir a implementação e continuidade das ações internas de sustentabilidade na UFSC;Meta 30 – Realizar 100% das ações da meta; 196 ;Ação 196 - Criar e  manter atuantes as comissões setoriais de sustentabilidade.;CGA;2026;Não iniciado;;;;;;;;;;;;;;;;;;
Divulgação;Objetivo 26 – Garantir a implementação e continuidade das ações internas de sustentabilidade na UFSC;Meta 30 – Realizar 100% das ações da meta;;Ação 196 - Criar e  manter atuantes as comissões setoriais de sustentabilidade.;CPS;2026;Não iniciado;;;;;;;;;;;;;;;;;;
Resíduos;Objetivo 27 – Aprimorar a gestão geral dos resíduos;Meta 31 – Realizar 100% das ações da meta; 197 ;Ação 197 -  Manter, anualmente, dados atualizados e disponibilizados de resíduos para relatórios e comunidade universitária (Unidades de Florianópolis).;CGA;2029;Em andamento;Disponivel no site da gestão de resíduos;;;;;;;;;;;;;;;;;
Resíduos;Objetivo 27 – Aprimorar a gestão geral dos resíduos;Meta 31 – Realizar 100% das ações da meta; 198 ;Ação 198 - Elaborar e divulgar o Plano de Gerenciamento de Resíduos Sólidos (PGRS) da UFSC (todos os campi).;CGA;2029;Em andamento;Elaboração em andamento, a ser publicado PGRS simplificado somente para Campus Trindade e Itacorubi no segundo semestre de ;;;;;;;;;;;;;;;;;
Resíduos;Objetivo 27 – Aprimorar a gestão geral dos resíduos;Meta 31 – Realizar 100% das ações da meta; 199 ;Ação 199 -  Implementar o monitoramento do PGRS da UFSC.;CGA;2029;Não iniciado;Depende da implementação do PGRS;Se Agecom não mantiver programas selecionados e edital na gestão anterior, arrumar esta ação;;;;;;;;;;;;;;;;
Resíduos;Objetivo 27 – Aprimorar a gestão geral dos resíduos;Meta 31 – Realizar 100% das ações da meta; 200 ;"Ação 200 -  Implantar o ""Programa de redução da geração e periculosidade dos resíduos"" (todos os campi).";CGA;2029;Não iniciado;Dependendo de campanha a ser realizada com Agecom;Dependendo de publicação de novo edital de limpeza para seguir com as capacitações;;;;;;;;;;;;;;;;
Resíduos;Objetivo 27 – Aprimorar a gestão geral dos resíduos;Meta 31 – Realizar 100% das ações da meta; 201 ;Ação 201 - Treinar e capacitar, anualmente, terceirizados e servidores ligados a serviços que geram ou manejam resíduos ou com atividades que impactam na gestão dos resíduos (todos os campi).;CGA;2029;Em andamento;Foi realizada capacitação com equipe da limpeza da PROVAC  e colaboradores do RU;Se Agecom não mantiver programas selecionados e edital na gestão anterior, arrumar esta ação;;;;;;;;;;;;;;;;
Resíduos;Objetivo 27 – Aprimorar a gestão geral dos resíduos;Meta 31 – Realizar 100% das ações da meta; 202 ;"Ação 202 - Criar, institucionalizar e promover ""Programa de Educação Ambiental para o gerenciamento de resíduos"" a todos usuários, servidores e terceirizados (todos os campi).";CGA;2027;Não iniciado;Dependendo de campanha a ser realizada com Agecom;;;;;;;;;;;;;;;;;
Resíduos;Objetivo 27 – Aprimorar a gestão geral dos resíduos;Meta 31 – Realizar 100% das ações da meta; 203 ;Ação 203 - Criar e publicar instrução normativa estabelecendo as diretrizes para o gerenciamento de todos os resíduos da UFSC, incluindo responsabilidades e orientações para a gestão e o gerenciamento de resíduos (todos os campi).;CGA;2029;Em andamento;Publicada normativa para resíduos recicláveis, mas nova normativa que englobe todos os resíduos deverá ser publicada junto com a publicação do PGRS;;;;;;;;;;;;;;;;;
Resíduos;Objetivo 27 – Aprimorar a gestão geral dos resíduos;Meta 31 – Realizar 100% das ações da meta; 204 ;Ação 204 -  Estudar a viabilidade de implantação de Central de Resíduos para o acondicionamento temporário de resíduos não perigosos, com a remoção e/ou redução dos pontos de coleta e melhora da logística da destinação final dos resíduos (Campus Trindade).;CGA;2026;Em andamento;O PGRS em elaboração está verificando se esta é uma alternativa viável do ponto de vista operacional, será confirmada se esta ação será mantida ou removida com a publicação do PGRS;Como ajustar concessões já existentes? Normativa seria suficiente para fazer cumprir?;;;;;;;;;;;;;;;;
Resíduos;Objetivo 27 – Aprimorar a gestão geral dos resíduos;Meta 31 – Realizar 100% das ações da meta; 205 ;Ação 205 - Incluir no contrato das fundações e outras concessões (lanchonetes, por exemplo) localizadas dentro da UFSC a obrigação de realizar o encaminhamento adequado dos resíduos conforme sistema estabelecido pela Gestão de Resíduos (todos os campi);CGA;2029;Em andamento;Projeto do prof. André/ENS em andamento, PGRS trará definições do gerenciamento de resíduos em lanchonetes, que deverão ser incorporadas em normativa para gerenciamento de resíduos no Campus, assim como nos contratos com as lanchonetes ;;;;;;;;;;;;;;;;;
Resíduos;Objetivo 27 – Aprimorar a gestão geral dos resíduos;Meta 31 – Realizar 100% das ações da meta; 206 ;Ação 206 - Ajustar, nos campi de Joinville e Blumenau, contratos de unidades que alugam espaços para melhor controle da geração e destinação dos resíduos gerados nas atividades institucionais. ;CGA;2029;Não iniciado;;Verificar se seria melhor alterar esta meta restringindo somente aos resíduos não perigosos, uma vez que os demais já possuem ação semelhante para eles;;;;;;;;;;;;;;;;
Resíduos;Objetivo 27 – Aprimorar a gestão geral dos resíduos;Meta 31 – Realizar 100% das ações da meta; 207 ;Ação 207 - Monitorar quantitativos gerados e destinação dos resíduos (todos os campi);CGA;2029;Em andamento;Materiais coletados via contratos são monitorados. Resíduos perigosos de todos os campi são monitorados, RCC/volumosos e REE e pilhas e baterias de Florianópolis monitorados, os demais carecem de dados pois são coletados por prestadores municipais que não fazem pesagem exclusiva para UFSC;;;;;;;;;;;;;;;;;
Resíduos;Objetivo 27 – Aprimorar a gestão geral dos resíduos;Meta 31 – Realizar 100% das ações da meta; 208 ;Ação 208 - Proporcionar a qualificação dos servidores envolvidos nas atividades de gestão de resíduos em todos os campi. ;CCP;2029;;;;;;;;;;;;;;;;;;;
Resíduos;Objetivo 27 – Aprimorar a gestão geral dos resíduos;Meta 31 – Realizar 100% das ações da meta; 209 ;Ação 209 - Realizar tratativas com as Prefeituras para viabilizar melhor custo benefício na coleta dos resíduos (todos os campi);GR;2027;Não iniciado;;;;;;;;;;;;;;;;;;
Resíduos;Objetivo 28 – Aumentar a eficiência da coleta com destinação final ambientalmente adequada de resíduos não perigosos;Meta 32 – Realizar 100% das ações da meta; 210 ;Ação 210 - Implantar modelo de coleta mais eficiente para grandes geradores (Campus Trindade e Itacorubi) e/ou para a realidade de cada campi (demais campi);CGA;2029;Em andamento;Pontos de coleta piloto do CTC e CCB acordados com os centros e Comcap. Aguardando projeto do DPAE, aprovação da Comcap e aquisição das caixas para implementar. Se comprovado como modelo adequado, dependerá de disponibilidade da Comcap para ampliar para todo Campus Trindade e Itacorubi o modelo de coleta por caixas metálicas de 5m³;;;;;;;;;;;;;;;;;
Resíduos;Objetivo 28 – Aumentar a eficiência da coleta com destinação final ambientalmente adequada de resíduos não perigosos;Meta 32 – Realizar 100% das ações da meta; 211 ;Ação 211 - Adequar os abrigos temporários e ponto de coleta de rejeitos (todos os campi);CGA;2029;Em andamento;Aguardando projeto do DPAE para pontos de coleta modelo piloto de coleta por caçamba metálica do CTC e CCB: ponto de coleta do CCS está em fase final para licitar construção: demais pontos aguardando definição do melhor modelo de coleta para serem definidos e adequados;"Faltaram as seguintes informações: estimativa de demanda gerada no abrigo; dimensão das caixas coletoras a serem utilizadas; a quantidade de caixa coletoras previstas para cada abrigo; as dimensões e peso do caminhão utilizado para coleta e a necessidade ou não de cercamento do local, incluindo portão de acesso.";;;;;;;;;;;;;;;;
Resíduos;Objetivo 28 – Aumentar a eficiência da coleta com destinação final ambientalmente adequada de resíduos não perigosos;Meta 32 – Realizar 100% das ações da meta;;Ação 211 - Adequar os abrigos temporários e ponto de coleta de rejeitos (todos os campi);DPAE;2029;Em andamento;" Foram selecionados dois abrigos de resíduos para implantação de projetos-piloto, localizados no CTC e no CCB. Entretanto, verificou-se a ausência de informações técnicas essenciais para o desenvolvimento dos projetos dos novos abrigos.

No Campus Itacorubi, foi realizado estudo de viabilidade técnica para a adequação de um abrigo destinado ao armazenamento de resíduos comuns (recicláveis e rejeitos), adotando-se como solução o uso de contentores.";;;;;;;;;;;;;;;;;
Resíduos;Objetivo 28 – Aumentar a eficiência da coleta com destinação final ambientalmente adequada de resíduos não perigosos;Meta 32 – Realizar 100% das ações da meta; 212 ;Ação 212 - Definir modelo apropriado e garantir atas necessárias  para  infraestrutura de acordo com a quantidade e qualidade necessários para o manejo de rejeitos (todos os campi);CGA;2029;Em andamento;Modelo de coleta por caixas metálicas de 5m³ será testado no CTC e CCB, e se comprovada eficiência maior e Comcap se comprometer com o modelo para coleta na UFSC Florianópolis, alteração do modelo será viável. Atas em construção para aquisição de equipamentos de coleta dos rejeitos. Atas já disponibilizadas e equipamentos comprados para coleta interna (lixeiras e contentores). ;Verificar se mantém esta ação caso projeto piloto com Comcap se comprove viável e eficiente;;;;;;;;;;;;;;;;
Resíduos;Objetivo 28 – Aumentar a eficiência da coleta com destinação final ambientalmente adequada de resíduos não perigosos;Meta 33 – Encaminhar para a reciclagem pelo menos 15% dos resíduos recicláveis até 2029; 213 ;Ação 213 - Realizar estudo de viabilidade de inclusão dos catadores no sistema de coleta seletiva solidária da UFSC (todos os campi);CGA;2027;Em andamento;Discussões de melhor modelo de coleta têm apontado para que seja via coleta municpal (Comcap), com caixas metálicas que garantam controle de pesagem e volume, bem como coletas com maior poeriodicidade;;;;;;;;;;;;;;;;;
Resíduos;Objetivo 28 – Aumentar a eficiência da coleta com destinação final ambientalmente adequada de resíduos não perigosos;Meta 33 – Encaminhar para a reciclagem pelo menos 15% dos resíduos recicláveis até 2029; 214 ;Ação 214 -Definir modelo apropriado e garantir atas necessárias  para  infraestrutura de acordo com a quantidade e qualidade necessários para o manejo de rejeitos (todos os campi);CGA;2029;Em andamento;Terceira fase da coleta seletiva solidária já implantada, com aquisição de lixeiras internas e externas para recicláveis. Dependendo de melhorar o sistema de coleta externa (adequar contêiner ou alterar modelo de coleta por caixa metálica de 5m³), para retomar coleta via Comcap ea aumentar eficiência e possibiliutar controle de pesagem dos materiais.;Verificar se mantém esta ação caso projeto piloto com Comcap se comprove viável e eficiente;;;;;;;;;;;;;;;;
Resíduos;Objetivo 28 – Aumentar a eficiência da coleta com destinação final ambientalmente adequada de resíduos não perigosos;Meta 33 – Encaminhar para a reciclagem pelo menos 15% dos resíduos recicláveis até 2029; 215 ;Ação 215 - Definir modelo apropriado e garantir atas necessárias para infraestrutura para o sistema de coleta seletiva externa em todos os campi.;CGA;2029;;;;;;;;;;;;;;;;;;;
Resíduos;Objetivo 28 – Aumentar a eficiência da coleta com destinação final ambientalmente adequada de resíduos não perigosos;Meta 33 – Encaminhar para a reciclagem pelo menos 15% dos resíduos recicláveis até 2029; 216 ;Ação 216 - Identificar a estrutura necessaria para os abrigos de armazenamento de recicláveis devidamente identificados e com capacidade suficiente para atender à demanda (todos os campi) e encaminhar a demanda;CGA;2026;Em andamento;Modelo de coleta por caixa metálica de 5m³ definido como o mais viável, mas depende de aquisição do equipamento e início da coleta da Comcap para testar o piloto e definir projeto de ponto de coleta junto ao DPAE (com restrição de acesso para evitar extravio do material);;;;;;;;;;;;;;;;;
Resíduos;Objetivo 28 – Aumentar a eficiência da coleta com destinação final ambientalmente adequada de resíduos não perigosos;Meta 34 – Encaminhar 100% do resíduo orgânico gerado no RU Trindade e áreas verdes para a valorização; 217 ;Ação 217  -Implantar a coleta e valorização de resíduos orgânicos do Restaurante Universitário (Campus Trindade) ;CGA;2026;Em andamento;Coleta realizada pela COMCAP quarta à tarde e demais dias da semana pela manhã (não há coleta sábado e domingo pq não há roteiro deste tipo de coleta no municípiop aos finais de semana). Verificar possibilidade de armazenar em segurança material orgânico dos dias sem coleta, acumulando para segunda feira (PGRS definirá se esta meta de 100% será viável tendo em vista esta indiponibilidade de coleta da Comcap aos sábados e domingos);;;;;;;;;;;;;;;;;
Resíduos;Objetivo 28 – Aumentar a eficiência da coleta com destinação final ambientalmente adequada de resíduos não perigosos;Meta 34 – Encaminhar 100% do resíduo orgânico gerado no RU Trindade e áreas verdes para a valorização; 218 ;Ação 218 - Regulamentar através do contrato de áreas verdes que o material das atividades de manutenção de áreas verdes (resíduos de poda) seja encaminhado para valorização, com comprovação da destinação e seus quantitativos (Campus Trindade);DME;2029;Não iniciado;;;;;;;;;;;;;;;;;;
Resíduos;Objetivo 29 – Garantir destinação adequada e segurança no manejo, com redução da geração ou risco, para os resíduos perigosos;Meta 35; 219 ;Ação 219 - Manter disponivel e atualizado o manual de gerenciamento  dos resíduos perigosos para usuários e geradores da UFSC (todos os campi);CGA;2029;Concluído;Publicado em https://gestaoderesiduos.ufsc.br/files/2024/07/Manual-Residuos-UFSC-Pronto.pdf e em processo de revisão;;;;;;;;;;;;;;;;;
Resíduos;Objetivo 29 – Garantir destinação adequada e segurança no manejo, com redução da geração ou risco, para os resíduos perigosos;Meta 35; 220 ;Ação 220 - Realizar estudos de viabilidade para a adequação dos abrigos temporários de resíduos infectantes (Campus Trindade e Itacorubi);DPAE;2027;Não iniciado;Demanda não fomalizada pela DGA, especificando as necessidades.;;;;;;;;;;;;;;;;;
Resíduos;Objetivo 29 – Garantir destinação adequada e segurança no manejo, com redução da geração ou risco, para os resíduos perigosos;Meta 35; 221 ;Ação 221 - Elaborar o projeto para a adequação dos abrigos temporários de resíduos infectantes de acordo com os estudos de viabilidade(Campus Trindade e Itacorubi) e encaminhar para a execução;DPAE;2028;Não iniciado;Demanda não fomalizada pela DGA, especificando as necessidades.;;;;;;;;;;;;;;;;;
Resíduos;Objetivo 29 – Garantir destinação adequada e segurança no manejo, com redução da geração ou risco, para os resíduos perigosos;Meta 35; 222 ; Ação 222 - Executar o projeto de adequação dos abrigos temporários de resíduos infectantes (Campus Trindade e Itacorubi);PU;2029;Não iniciado;;;;;;;;;;;;;;;;;;
Resíduos;Objetivo 29 – Garantir destinação adequada e segurança no manejo, com redução da geração ou risco, para os resíduos perigosos;Meta 35; 223 ;Ação 223 - Dimensionar e adequadar aos padrões normativos os abrigos temporários  de resíduos químicos do CCA (Lagoa do Peri, Barra da Lagoa e Fazenda da Ressacada);DPAE;2029;Não iniciado;Demanda não fomalizada pela DGA, especificando as necessidades.;;;;;;;;;;;;;;;;;
Resíduos;Objetivo 29 – Garantir destinação adequada e segurança no manejo, com redução da geração ou risco, para os resíduos perigosos;Meta 35; 224 ;"Ação 224 - Demonstrar para o Gabinete e demais envolvidos a importancia de ""Vincular aprovação de projetos (pesquisa, extensão, obras) à previsão de despesas com resíduos no orçamento, considerando a taxa de coleta e os valores vigentes dos contratos de coleta e destinação final de resíduos, incluindo os custos com embalagens para acondicionamento"" (todos os campi) -.";CGA;2029;Não iniciado;;;;;;;;;;;;;;;;;;
Resíduos;Objetivo 29 – Garantir destinação adequada e segurança no manejo, com redução da geração ou risco, para os resíduos perigosos;Meta 35; 225 ;Ação 225 - Realizar cursos anuais de gerenciamento de residuos perigosos voltados para servidores (técnicos e docentes) e discentes com atividades geradoras desses resíduos (todos os campi);CGA;2029;Não iniciado;;;;;;;;;;;;;;;;;;
Resíduos;Objetivo 29 – Garantir destinação adequada e segurança no manejo, com redução da geração ou risco, para os resíduos perigosos;Meta 35; 226 ;Ação 226 - Publicar normativa de gerenciamento de resíduos laboratoriais, incluído o encerramento da pesquisa e os passivos deixados por esta, para que haja responsabilização, redução da quantidade e periculosidade de resíduos perigosos gerados (todos os campi);CGA;2027;Não iniciado;;;;;;;;;;;;;;;;;;
Resíduos;Objetivo 29 – Garantir destinação adequada e segurança no manejo, com redução da geração ou risco, para os resíduos perigosos;Meta 35; 227 ;Ação 227 - Identificar os laboratórios que possuem capacidade (física e de recurso humano) para realizar o tratamento in loco dos resíduos químicos (todos os campi)c ;CGA;2026;Não iniciado;;;;;;;;;;;;;;;;;;
Resíduos;Objetivo 29 – Garantir destinação adequada e segurança no manejo, com redução da geração ou risco, para os resíduos perigosos;Meta 35; 228 ;Ação 228 - Capacitar e monitorar os laboratórios que tenham estrutura adequada para tratamento in loco de resíduos químicos (todos os campi);CGA;2027;Não iniciado;;;;;;;;;;;;;;;;;;
Resíduos;Objetivo 29 – Garantir destinação adequada e segurança no manejo, com redução da geração ou risco, para os resíduos perigosos;Meta 35; 229 ;Ação 229 - Promover práticas seguras de redução e reaproveitamento de resíduos pelos laboratórios (todos os campi);CGA;2028;Não iniciado;;;;;;;;;;;;;;;;;;
Resíduos;Objetivo 30 – Controlar a geração e destinação de resíduos de construção civil e volumosos;Meta 36 – Realizar 100% das ações da meta; 230 ;Ação 230 - Exigir a apresentação do PGRCC (Plano de Gerenciamento de Resíduos da Construção Civil) nos contratos de obras, reformas e serviços de engenharia financiados com recursos da UFSC ou de projetos, sempre que houver essa obrigação conforme o enquadramento legal, abrangendo todos os campi.;DFO;2029;Em andamento;PGRCC faz parte do escopo dos Contratos de Obras e Reformas da PU;;;;;;;;;;;;;;;;;
Resíduos;Objetivo 30 – Controlar a geração e destinação de resíduos de construção civil e volumosos;Meta 36 – Realizar 100% das ações da meta; 231 ;Ação 231 - Controlar a destinação final ambientalmente adequada de obras, reformas e serviços geradores de RCC, a ser feita pelo prestador do serviço (todos os campi);DFO;2029;Em andamento;Exigência de apresentação do MTR associado ao PGRCC;Ação alcançada em Florianópolis, verificar com demais campi;;;;;;;;;;;;;;;;
Resíduos;Objetivo 30 – Controlar a geração e destinação de resíduos de construção civil e volumosos;Meta 36 – Realizar 100% das ações da meta; 232 ;Ação 232 - Disponibilizar serviço de carregamento interno, coleta externa e destinação ambientalmente adequada de RCC e volumosos gerados pela instituição (todos os campi);CGA;2026;Em andamento;Serviço realizado em Florianópolis e Joinville;;;;;;;;;;;;;;;;;
Resíduos;Objetivo 30 – Controlar a geração e destinação de resíduos de construção civil e volumosos;Meta 36 – Realizar 100% das ações da meta; 233 ;Ação 233 - Realizar campanha de recolhimento ou redistribuição de materiais ociosos para reaproveitamento institucional ou destinação social (todos os campi). ;DGP;2029;;;;;;;;;;;;;;;;;;;
Resíduos;Objetivo 31 – Viabilizar a logística reversa de materiais com acordo setorial estabelecido;Meta 37 – Realizar 100% das ações da meta; 234 ;Ação 234 - Elaborar projeto e construir abrigo temporário de resíduos logística reversa - lâmpadas, pilhas e baterias e outros viáveis que venham a ser definidos pela Gestão de Resíduos (Campus Trindade);PU;2029;Não iniciado;;;;;;;;;;;;;;;;;;
Resíduos;Objetivo 31 – Viabilizar a logística reversa de materiais com acordo setorial estabelecido;Meta 37 – Realizar 100% das ações da meta; 235 ;Ação 235 - Equipar os campi fora de sede com PEVs e abrigos de resíduos de logística reversa viáveis (campi fora de Florianópolis);DPAE;2028;Não iniciado;Demanda não fomalizada pela DGA, especificando as necessidades.;;;;;;;;;;;;;;;;;
Resíduos;Objetivo 31 – Viabilizar a logística reversa de materiais com acordo setorial estabelecido;Meta 37 – Realizar 100% das ações da meta; 236 ;"
Ação 236 - Prever a logística reversa nos Termos de Referência das aquisições de materiais com acordo setorial estabelecido (todos os campi)";DCOM;2027;Não iniciado;;;;;;;;;;;;;;;;;;
Resíduos;Objetivo 31 – Viabilizar a logística reversa de materiais com acordo setorial estabelecido;Meta 37 – Realizar 100% das ações da meta; 237 ;Ação 237 - Buscar o atendimento da coleta interna, triagem e acondicionamento de resíduos de logística reversa, dos materiais viáveis (todos os campi);CGA;2029;Não iniciado;Lâmpadas de LED a serem coletadas via parceria com Comcap: REE e pilhas e baterias coleados via parceria com programa Reciclatec (CPDI e WEEdo);;;;;;;;;;;;;;;;;
Biodiversidade;Objetivo 32 – Garantir a proteção das Áreas de Preservação Permanente;Meta 38 – Reabilitar e/ou recuperar 20% das Áreas de Preservação Permanente (APPs) da UFSC; 238 ;Ação 238 - Implantar o  PRAD no Campus Trindade.;PU;2029;Em andamento;;;;;;;;;;;;;;;;;;
Biodiversidade;Objetivo 32 – Garantir a proteção das Áreas de Preservação Permanente;Meta 38 – Reabilitar e/ou recuperar 20% das Áreas de Preservação Permanente (APPs) da UFSC; 239 ;Ação 239 -Retirar os lavadores de carros das APPs do campus Trindade;PU;2025;Concluído;;;;;;;;;;;;;;;;;;
Biodiversidade;Objetivo 32 – Garantir a proteção das Áreas de Preservação Permanente;Meta 38 – Reabilitar e/ou recuperar 20% das Áreas de Preservação Permanente (APPs) da UFSC; 240 ;Ação 240 -Inserir placas indicativas em todas as Áreas de Preservação Permanente e de conservação da UFSC Trindade;PU;2029;Em andamento;;;;;;;;;;;;;;;;;;
Biodiversidade;Objetivo 32 – Garantir a proteção das Áreas de Preservação Permanente;Meta 38 – Reabilitar e/ou recuperar 20% das Áreas de Preservação Permanente (APPs) da UFSC; 241 ;Ação 241 -Identificar e diagnosticar demais áreas que necessitam de recuperação, restauração, reabilitação e/ou remediação da UFSC;PU;2029;Não iniciado;;Falta de recurso humano;;;;;;;;;;;;;;;;
Biodiversidade;Objetivo 32 – Garantir a proteção das Áreas de Preservação Permanente;Meta 38 – Reabilitar e/ou recuperar 20% das Áreas de Preservação Permanente (APPs) da UFSC; 242 ;Ação 242 - Elaborar documento contendo diretrizes sobre intervenções em APPs;CGA;2029;Não iniciado;Não iniciado;;;;;;;;;;;;;;;;;
Biodiversidade;Objetivo 32 – Garantir a proteção das Áreas de Preservação Permanente;Meta 38 – Reabilitar e/ou recuperar 20% das Áreas de Preservação Permanente (APPs) da UFSC; 243 ;Ação 243 - Recuperar as margens dos cursos da água e nascentes do Campus Trindade, em conformidade com o PRAD-TRI;PU;2029;Em andamento;;;;;;;;;;;;;;;;;;
Biodiversidade;Objetivo 32 – Garantir a proteção das Áreas de Preservação Permanente;Meta 38 – Reabilitar e/ou recuperar 20% das Áreas de Preservação Permanente (APPs) da UFSC; 244 ; Ação 244 - Manter a conservação ambiental do bosque do CFH.;CFH;2029;Não iniciado;;;;;;;;;;;;;;;;;;
Biodiversidade;Objetivo 32 – Garantir a proteção das Áreas de Preservação Permanente;Meta 38 – Reabilitar e/ou recuperar 20% das Áreas de Preservação Permanente (APPs) da UFSC; 245 ;Ação 245 - Elaborar plano de recuperação/ reabilitação da área de Pinus da Estação de Maricultura da UFSC na Barra da Lagora;CCA;2025;Em andamento;O plano de reflorestamento da área já foi formalizado pela Secretaria de Gestão Ambiental da UFSC (elaborado pelo servidor Alison). Paralelamente, o cronograma e o plano de corte dos Pinus foram estruturados em parceria com o Felipe, do LCM. A comunidade quilombola local (presidida por Helena) já iniciou o corte de uma parte das árvores, restando como perspectiva a abertura de processo licitatório para o leilão do restante da madeira.;Impasses jurídicos e de posse de terra envolvendo os limites entre a área do Parque e a comunidade quilombola, o que gerou paralisações e polêmicas no processo. Logística urbana complexa: a via principal (Beco dos Coroas) é muito estreita, impedindo o tráfego de caminhões madeireiros e ônibus de grande porte, demandando rotas alternativas de passagem. Falta de interesse comercial no leilão: as madeireiras evitam a região devido ao trânsito e à ausência de manejo prévio das árvores (que apresentam tamanhos irregulares, troncos diversos e valas no terreno), o que inviabiliza o uso de maquinário automatizado de corte.;;;;;;;;;;;;;;;;
Biodiversidade;Objetivo 32 – Garantir a proteção das Áreas de Preservação Permanente;Meta 38 – Reabilitar e/ou recuperar 20% das Áreas de Preservação Permanente (APPs) da UFSC; 246 ;Ação 246 - Definir APPs na Unidade Sede do Campus Curitibanos;DPAE;2029;Em andamento;Está em fase de finalização o relatório de monitoramento do fluxo hídrico do Campus Sede de Curitibanos. A partir desse estudo, será possível delimitar as Áreas de Preservação Permanente (APPs) existentes no campus.;As principais dificuldades encontradas estão relacionadas às definições legais de tipologia dos corpos hídricos.;;;;;;;;;;;;;;;;
Biodiversidade;Objetivo 33 – Promover a conservação e expansão da arborização e de áreas verdes;Meta 39 – Elaborar ao menos 2 planos voltados para a conservação ambiental na UFSC até 2029; 247 ;Ação 247 - Efetuar o inventario floristico de 85% das áreas do campus Trindade da UFSC;CGA;2029;Em andamento;Em fase de inventario, mas sem dados consolidados ainda;falta de recursos financeiros e humanos;;;;;;;;;;;;;;;;
Biodiversidade;Objetivo 33 – Promover a conservação e expansão da arborização e de áreas verdes;Meta 39 – Elaborar ao menos 2 planos voltados para a conservação ambiental na UFSC até 2029; 248 ;Ação 248 - Elaborar diretrizes para um plano de plantio de mudas de árvores nativas visando a conservação da natureza.;CGA;2029;Não iniciado;Não iniciado;Falta de recurso humano;;;;;;;;;;;;;;;;
Biodiversidade;Objetivo 33 – Promover a conservação e expansão da arborização e de áreas verdes;Meta 39 – Elaborar ao menos 2 planos voltados para a conservação ambiental na UFSC até 2029; 249 ;Ação 249 - Elaborar Plano de Controle das espécies exóticas invasoras (fauna e flora)  para a UFSC;CGA;2029;Não iniciado;Não iniciado;Falta de recurso humano;;;;;;;;;;;;;;;;
Biodiversidade;Objetivo 33 – Promover a conservação e expansão da arborização e de áreas verdes;Meta 39 – Elaborar ao menos 2 planos voltados para a conservação ambiental na UFSC até 2029; 250 ;Ação 250 - Estabelecer o Viveiro do DME/UFSC como centro de produção para consumo pela comunidade universitária.;PU;2029;Não iniciado;;;;;;;;;;;;;;;;;;
Biodiversidade;Objetivo 33 – Promover a conservação e expansão da arborização e de áreas verdes;Meta 39 – Elaborar ao menos 2 planos voltados para a conservação ambiental na UFSC até 2029; 251 ;Ação 251 - Elaborar o Plano de rearborização do campus Trindade;CGA;2029;Não iniciado;Não iniciado;Falta de recurso humano;;;;;;;;;;;;;;;;
Biodiversidade;Objetivo 33 – Promover a conservação e expansão da arborização e de áreas verdes;Meta 39 – Elaborar ao menos 2 planos voltados para a conservação ambiental na UFSC até 2029; 252 ;Ação 252 - Qualificar o corpo técnico para gestão de áreas verdes em questões de educação ambiental e manejo adequado agroecológico das plantas;DME;2029;Não iniciado;;;;;;;;;;;;;;;;;;
Biodiversidade;Objetivo 34 – Promover a conservação da fauna do Campus;Meta 40 – Elaborar ao menos 1 plano/ projeto voltados para a fauna na UFSC até 2029; 253 ;Ação 253 - Estabelecer comissão específica e elaborar planos de corredores e trampolins ecológicos da fauna;CGA;2029;Não iniciado;Não iniciado;Falta de recurso humano;;;;;;;;;;;;;;;;
Biodiversidade;Objetivo 34 – Promover a conservação da fauna do Campus;Meta 40 – Elaborar ao menos 1 plano/ projeto voltados para a fauna na UFSC até 2029; 254 ;Ação 254 -Estabelecer comissão específica e elaborar plano/projetos para conservação da fauna nativa presente nos Campi.;CGA;2029;Não iniciado;Não iniciado;Falta de recurso humano;;;;;;;;;;;;;;;;
Biodiversidade;Objetivo 34 – Promover a conservação da fauna do Campus;Meta 40 – Elaborar ao menos 1 plano/ projeto voltados para a fauna na UFSC até 2029; 255 ;Ação 255 -Orientar a comunidade universitária a como proceder em relação a fauna silvestre no ambito da UFSC;CGA;2029;Não iniciado;Não iniciado;Falta de recurso humano;;;;;;;;;;;;;;;;
Biodiversidade;Objetivo 35 – Realizar a gestão adequada das Unidades de Conservação da UFSC;Meta 41 – Definir a responsabilidade legal e o enquadramento Ambiental de 50% das UCs da UFSC; 256 ;Ação 256 - Dar encaminhamento as questões fundiárias do Manguezal do Itacorubi.;GR;2029;Não iniciado;;;;;;;;;;;;;;;;;;
Biodiversidade;Objetivo 35 – Realizar a gestão adequada das Unidades de Conservação da UFSC;Meta 41 – Definir a responsabilidade legal e o enquadramento Ambiental de 50% das UCs da UFSC; 257 ;Ação 257 - Dar encaminhamento as questões relativas a UCAD.;CCB;2029;Não iniciado;;;;;;;;;;;;;;;;;;
;;;;;;;;;;;;;;;;;;;;;;;;;
;;;;;;;;;;;;;;;;;;;;;;;;;
;;;;;;;;;;;;;;;;;;;;;;;;;
;;;;;;;;;;;;;;;;;;;;;;;;;
;;;;;;;;;;;;;;;;;;;;;;;;;
;;;;;;;;;;;;;;;;;;;;;;;;;
;;;;;;;;;;;;;;;;;;;;;;;;;
;;;;;;;;;;;;;;;;;;;;;;;;;
;;;;;;;;;;;;;;;;;;;;;;;;;
;;;;;;;;;;;;;;;;;;;;;;;;;
;;;;;;;;;;;;;;;;;;;;;;;;;
;;;;;;;;;;;;;;;;;;;;;;;;;
;;;;;;;;;;;;;;;;;;;;;;;;;
;;;;;;;;;;;;;;;;;;;;;;;;;
;;;;;;;;;;;;;;;;;;;;;;;;;
;;;;;;;;;;;;;;;;;;;;;;;;;
;;;;;;;;;;;;;;;;;;;;;;;;;
;;;;;;;;;;;;;;;;;;;;;;;;;
;;;;;;;;;;;;;;;;;;;;;;;;;
;;;;;;;;;;;;;;;;;;;;;;;;;
;;;;;;;;;;;;;;;;;;;;;;;;;
;;;;;;;;;;;;;;;;;;;;;;;;;
;;;;;;;;;;;;;;;;;;;;;;;;;
;;;;;;;;;;;;;;;;;;;;;;;;;
;;;;;;;;;;;;;;;;;;;;;;;;;
;;;;;;;;;;;;;;;;;;;;;;;;;
;;;;;;;;;;;;;;;;;;;;;;;;;
;;;;;;;;;;;;;;;;;;;;;;;;;
;;;;;;;;;;;;;;;;;;;;;;;;;
;;;;;;;;;;;;;;;;;;;;;;;;;
;;;;;;;;;;;;;;;;;;;;;;;;;
;;;;;;;;;;;;;;;;;;;;;;;;;
;;;;;;;;;;;;;;;;;;;;;;;;;
;;;;;;;;;;;;;;;;;;;;;;;;;
;;;;;;;;;;;;;;;;;;;;;;;;;
;;;;;;;;;;;;;;;;;;;;;;;;;
;;;;;;;;;;;;;;;;;;;;;;;;;
;;;;;;;;;;;;;;;;;;;;;;;;;
;;;;;;;;;;;;;;;;;;;;;;;;;
;;;;;;;;;;;;;;;;;;;;;;;;;
;;;;;;;;;;;;;;;;;;;;;;;;;
;;;;;;;;;;;;;;;;;;;;;;;;;
;;;;;;;;;;;;;;;;;;;;;;;;;
;;;;;;;;;;;;;;;;;;;;;;;;;
;;;;;;;;;;;;;;;;;;;;;;;;;
;;;;;;;;;;;;;;;;;;;;;;;;;
;;;;;;;;;;;;;;;;;;;;;;;;;
;;;;;;;;;;;;;;;;;;;;;;;;;
;;;;;;;;;;;;;;;;;;;;;;;;;
;;;;;;;;;;;;;;;;;;;;;;;;;
;;;;;;;;;;;;;;;;;;;;;;;;;
;;;;;;;;;;;;;;;;;;;;;;;;;
;;;;;;;;;;;;;;;;;;;;;;;;;
;;;;;;;;;;;;;;;;;;;;;;;;;
;;;;;;;;;;;;;;;;;;;;;;;;;
;;;;;;;;;;;;;;;;;;;;;;;;;
;;;;;;;;;;;;;;;;;;;;;;;;;
;;;;;;;;;;;;;;;;;;;;;;;;;
;;;;;;;;;;;;;;;;;;;;;;;;;
;;;;;;;;;;;;;;;;;;;;;;;;;
;;;;;;;;;;;;;;;;;;;;;;;;;
;;;;;;;;;;;;;;;;;;;;;;;;;
;;;;;;;;;;;;;;;;;;;;;;;;;
;;;;;;;;;;;;;;;;;;;;;;;;;
;;;;;;;;;;;;;;;;;;;;;;;;;
;;;;;;;;;;;;;;;;;;;;;;;;;
;;;;;;;;;;;;;;;;;;;;;;;;;
;;;;;;;;;;;;;;;;;;;;;;;;;
;;;;;;;;;;;;;;;;;;;;;;;;;
;;;;;;;;;;;;;;;;;;;;;;;;;
;;;;;;;;;;;;;;;;;;;;;;;;;
;;;;;;;;;;;;;;;;;;;;;;;;;
;;;;;;;;;;;;;;;;;;;;;;;;;
;;;;;;;;;;;;;;;;;;;;;;;;;
;;;;;;;;;;;;;;;;;;;;;;;;;
;;;;;;;;;;;;;;;;;;;;;;;;;
;;;;;;;;;;;;;;;;;;;;;;;;;
;;;;;;;;;;;;;;;;;;;;;;;;;
;;;;;;;;;;;;;;;;;;;;;;;;;
;;;;;;;;;;;;;;;;;;;;;;;;;
;;;;;;;;;;;;;;;;;;;;;;;;;
;;;;;;;;;;;;;;;;;;;;;;;;;
;;;;;;;;;;;;;;;;;;;;;;;;;
;;;;;;;;;;;;;;;;;;;;;;;;;
;;;;;;;;;;;;;;;;;;;;;;;;;
;;;;;;;;;;;;;;;;;;;;;;;;;
;;;;;;;;;;;;;;;;;;;;;;;;;
;;;;;;;;;;;;;;;;;;;;;;;;;
;;;;;;;;;;;;;;;;;;;;;;;;;
;;;;;;;;;;;;;;;;;;;;;;;;;
;;;;;;;;;;;;;;;;;;;;;;;;;
;;;;;;;;;;;;;;;;;;;;;;;;;
;;;;;;;;;;;;;;;;;;;;;;;;;
;;;;;;;;;;;;;;;;;;;;;;;;;
;;;;;;;;;;;;;;;;;;;;;;;;;
;;;;;;;;;;;;;;;;;;;;;;;;;
;;;;;;;;;;;;;;;;;;;;;;;;;
;;;;;;;;;;;;;;;;;;;;;;;;;
;;;;;;;;;;;;;;;;;;;;;;;;;
;;;;;;;;;;;;;;;;;;;;;;;;;
;;;;;;;;;;;;;;;;;;;;;;;;;
;;;;;;;;;;;;;;;;;;;;;;;;;
;;;;;;;;;;;;;;;;;;;;;;;;;
;;;;;;;;;;;;;;;;;;;;;;;;;
;;;;;;;;;;;;;;;;;;;;;;;;;
;;;;;;;;;;;;;;;;;;;;;;;;;
;;;;;;;;;;;;;;;;;;;;;;;;;
;;;;;;;;;;;;;;;;;;;;;;;;;
;;;;;;;;;;;;;;;;;;;;;;;;;
;;;;;;;;;;;;;;;;;;;;;;;;;
;;;;;;;;;;;;;;;;;;;;;;;;;
;;;;;;;;;;;;;;;;;;;;;;;;;
;;;;;;;;;;;;;;;;;;;;;;;;;
;;;;;;;;;;;;;;;;;;;;;;;;;
;;;;;;;;;;;;;;;;;;;;;;;;;
;;;;;;;;;;;;;;;;;;;;;;;;;
;;;;;;;;;;;;;;;;;;;;;;;;;
;;;;;;;;;;;;;;;;;;;;;;;;;
;;;;;;;;;;;;;;;;;;;;;;;;;
;;;;;;;;;;;;;;;;;;;;;;;;;
;;;;;;;;;;;;;;;;;;;;;;;;;
;;;;;;;;;;;;;;;;;;;;;;;;;
;;;;;;;;;;;;;;;;;;;;;;;;;
;;;;;;;;;;;;;;;;;;;;;;;;;
;;;;;;;;;;;;;;;;;;;;;;;;;
;;;;;;;;;;;;;;;;;;;;;;;;;
;;;;;;;;;;;;;;;;;;;;;;;;;
;;;;;;;;;;;;;;;;;;;;;;;;;
;;;;;;;;;;;;;;;;;;;;;;;;;
;;;;;;;;;;;;;;;;;;;;;;;;;
;;;;;;;;;;;;;;;;;;;;;;;;;
;;;;;;;;;;;;;;;;;;;;;;;;;
;;;;;;;;;;;;;;;;;;;;;;;;;
;;;;;;;;;;;;;;;;;;;;;;;;;
;;;;;;;;;;;;;;;;;;;;;;;;;
;;;;;;;;;;;;;;;;;;;;;;;;;
;;;;;;;;;;;;;;;;;;;;;;;;;
;;;;;;;;;;;;;;;;;;;;;;;;;
;;;;;;;;;;;;;;;;;;;;;;;;;
;;;;;;;;;;;;;;;;;;;;;;;;;
;;;;;;;;;;;;;;;;;;;;;;;;;
;;;;;;;;;;;;;;;;;;;;;;;;;
;;;;;;;;;;;;;;;;;;;;;;;;;
;;;;;;;;;;;;;;;;;;;;;;;;;
;;;;;;;;;;;;;;;;;;;;;;;;;
;;;;;;;;;;;;;;;;;;;;;;;;;
;;;;;;;;;;;;;;;;;;;;;;;;;
;;;;;;;;;;;;;;;;;;;;;;;;;
;;;;;;;;;;;;;;;;;;;;;;;;;
;;;;;;;;;;;;;;;;;;;;;;;;;
;;;;;;;;;;;;;;;;;;;;;;;;;
;;;;;;;;;;;;;;;;;;;;;;;;;
;;;;;;;;;;;;;;;;;;;;;;;;;
;;;;;;;;;;;;;;;;;;;;;;;;;
;;;;;;;;;;;;;;;;;;;;;;;;;
;;;;;;;;;;;;;;;;;;;;;;;;;
;;;;;;;;;;;;;;;;;;;;;;;;;
;;;;;;;;;;;;;;;;;;;;;;;;;
;;;;;;;;;;;;;;;;;;;;;;;;;
;;;;;;;;;;;;;;;;;;;;;;;;;
;;;;;;;;;;;;;;;;;;;;;;;;;
;;;;;;;;;;;;;;;;;;;;;;;;;
;;;;;;;;;;;;;;;;;;;;;;;;;
;;;;;;;;;;;;;;;;;;;;;;;;;
;;;;;;;;;;;;;;;;;;;;;;;;;
;;;;;;;;;;;;;;;;;;;;;;;;;
;;;;;;;;;;;;;;;;;;;;;;;;;
;;;;;;;;;;;;;;;;;;;;;;;;;
;;;;;;;;;;;;;;;;;;;;;;;;;
;;;;;;;;;;;;;;;;;;;;;;;;;
;;;;;;;;;;;;;;;;;;;;;;;;;
;;;;;;;;;;;;;;;;;;;;;;;;;
;;;;;;;;;;;;;;;;;;;;;;;;;
;;;;;;;;;;;;;;;;;;;;;;;;;
;;;;;;;;;;;;;;;;;;;;;;;;;
;;;;;;;;;;;;;;;;;;;;;;;;;
;;;;;;;;;;;;;;;;;;;;;;;;;
;;;;;;;;;;;;;;;;;;;;;;;;;
;;;;;;;;;;;;;;;;;;;;;;;;;
;;;;;;;;;;;;;;;;;;;;;;;;;
;;;;;;;;;;;;;;;;;;;;;;;;;
;;;;;;;;;;;;;;;;;;;;;;;;;
;;;;;;;;;;;;;;;;;;;;;;;;;
;;;;;;;;;;;;;;;;;;;;;;;;;
;;;;;;;;;;;;;;;;;;;;;;;;;
;;;;;;;;;;;;;;;;;;;;;;;;;
;;;;;;;;;;;;;;;;;;;;;;;;;
;;;;;;;;;;;;;;;;;;;;;;;;;
;;;;;;;;;;;;;;;;;;;;;;;;;
;;;;;;;;;;;;;;;;;;;;;;;;;
;;;;;;;;;;;;;;;;;;;;;;;;;
;;;;;;;;;;;;;;;;;;;;;;;;;
;;;;;;;;;;;;;;;;;;;;;;;;;
;;;;;;;;;;;;;;;;;;;;;;;;;
;;;;;;;;;;;;;;;;;;;;;;;;;
;;;;;;;;;;;;;;;;;;;;;;;;;
;;;;;;;;;;;;;;;;;;;;;;;;;
;;;;;;;;;;;;;;;;;;;;;;;;;
;;;;;;;;;;;;;;;;;;;;;;;;;
;;;;;;;;;;;;;;;;;;;;;;;;;
;;;;;;;;;;;;;;;;;;;;;;;;;
;;;;;;;;;;;;;;;;;;;;;;;;;
;;;;;;;;;;;;;;;;;;;;;;;;;
;;;;;;;;;;;;;;;;;;;;;;;;;
;;;;;;;;;;;;;;;;;;;;;;;;;
;;;;;;;;;;;;;;;;;;;;;;;;;
;;;;;;;;;;;;;;;;;;;;;;;;;
;;;;;;;;;;;;;;;;;;;;;;;;;
;;;;;;;;;;;;;;;;;;;;;;;;;
;;;;;;;;;;;;;;;;;;;;;;;;;
;;;;;;;;;;;;;;;;;;;;;;;;;
;;;;;;;;;;;;;;;;;;;;;;;;;
;;;;;;;;;;;;;;;;;;;;;;;;;
;;;;;;;;;;;;;;;;;;;;;;;;;
;;;;;;;;;;;;;;;;;;;;;;;;;
;;;;;;;;;;;;;;;;;;;;;;;;;
;;;;;;;;;;;;;;;;;;;;;;;;;
;;;;;;;;;;;;;;;;;;;;;;;;;
;;;;;;;;;;;;;;;;;;;;;;;;;
;;;;;;;;;;;;;;;;;;;;;;;;;
;;;;;;;;;;;;;;;;;;;;;;;;;
;;;;;;;;;;;;;;;;;;;;;;;;;
;;;;;;;;;;;;;;;;;;;;;;;;;
;;;;;;;;;;;;;;;;;;;;;;;;;
;;;;;;;;;;;;;;;;;;;;;;;;;
;;;;;;;;;;;;;;;;;;;;;;;;;
;;;;;;;;;;;;;;;;;;;;;;;;;
;;;;;;;;;;;;;;;;;;;;;;;;;
;;;;;;;;;;;;;;;;;;;;;;;;;
;;;;;;;;;;;;;;;;;;;;;;;;;
;;;;;;;;;;;;;;;;;;;;;;;;;
;;;;;;;;;;;;;;;;;;;;;;;;;
;;;;;;;;;;;;;;;;;;;;;;;;;
;;;;;;;;;;;;;;;;;;;;;;;;;
;;;;;;;;;;;;;;;;;;;;;;;;;
;;;;;;;;;;;;;;;;;;;;;;;;;
;;;;;;;;;;;;;;;;;;;;;;;;;
;;;;;;;;;;;;;;;;;;;;;;;;;
;;;;;;;;;;;;;;;;;;;;;;;;;
;;;;;;;;;;;;;;;;;;;;;;;;;
;;;;;;;;;;;;;;;;;;;;;;;;;
;;;;;;;;;;;;;;;;;;;;;;;;;
;;;;;;;;;;;;;;;;;;;;;;;;;
;;;;;;;;;;;;;;;;;;;;;;;;;
;;;;;;;;;;;;;;;;;;;;;;;;;
;;;;;;;;;;;;;;;;;;;;;;;;;
;;;;;;;;;;;;;;;;;;;;;;;;;
;;;;;;;;;;;;;;;;;;;;;;;;;
;;;;;;;;;;;;;;;;;;;;;;;;;
;;;;;;;;;;;;;;;;;;;;;;;;;
;;;;;;;;;;;;;;;;;;;;;;;;;
;;;;;;;;;;;;;;;;;;;;;;;;;
;;;;;;;;;;;;;;;;;;;;;;;;;
;;;;;;;;;;;;;;;;;;;;;;;;;
;;;;;;;;;;;;;;;;;;;;;;;;;
;;;;;;;;;;;;;;;;;;;;;;;;;
;;;;;;;;;;;;;;;;;;;;;;;;;
;;;;;;;;;;;;;;;;;;;;;;;;;
;;;;;;;;;;;;;;;;;;;;;;;;;
;;;;;;;;;;;;;;;;;;;;;;;;;
;;;;;;;;;;;;;;;;;;;;;;;;;
;;;;;;;;;;;;;;;;;;;;;;;;;
;;;;;;;;;;;;;;;;;;;;;;;;;
;;;;;;;;;;;;;;;;;;;;;;;;;
;;;;;;;;;;;;;;;;;;;;;;;;;
;;;;;;;;;;;;;;;;;;;;;;;;;
;;;;;;;;;;;;;;;;;;;;;;;;;
;;;;;;;;;;;;;;;;;;;;;;;;;
;;;;;;;;;;;;;;;;;;;;;;;;;
;;;;;;;;;;;;;;;;;;;;;;;;;
;;;;;;;;;;;;;;;;;;;;;;;;;
;;;;;;;;;;;;;;;;;;;;;;;;;
;;;;;;;;;;;;;;;;;;;;;;;;;
;;;;;;;;;;;;;;;;;;;;;;;;;
;;;;;;;;;;;;;;;;;;;;;;;;;
;;;;;;;;;;;;;;;;;;;;;;;;;
;;;;;;;;;;;;;;;;;;;;;;;;;
;;;;;;;;;;;;;;;;;;;;;;;;;
;;;;;;;;;;;;;;;;;;;;;;;;;
;;;;;;;;;;;;;;;;;;;;;;;;;
;;;;;;;;;;;;;;;;;;;;;;;;;
;;;;;;;;;;;;;;;;;;;;;;;;;
;;;;;;;;;;;;;;;;;;;;;;;;;
;;;;;;;;;;;;;;;;;;;;;;;;;
;;;;;;;;;;;;;;;;;;;;;;;;;
;;;;;;;;;;;;;;;;;;;;;;;;;
;;;;;;;;;;;;;;;;;;;;;;;;;
;;;;;;;;;;;;;;;;;;;;;;;;;
;;;;;;;;;;;;;;;;;;;;;;;;;
;;;;;;;;;;;;;;;;;;;;;;;;;
;;;;;;;;;;;;;;;;;;;;;;;;;
;;;;;;;;;;;;;;;;;;;;;;;;;
;;;;;;;;;;;;;;;;;;;;;;;;;
;;;;;;;;;;;;;;;;;;;;;;;;;
;;;;;;;;;;;;;;;;;;;;;;;;;
;;;;;;;;;;;;;;;;;;;;;;;;;
;;;;;;;;;;;;;;;;;;;;;;;;;
;;;;;;;;;;;;;;;;;;;;;;;;;
;;;;;;;;;;;;;;;;;;;;;;;;;
;;;;;;;;;;;;;;;;;;;;;;;;;
;;;;;;;;;;;;;;;;;;;;;;;;;
;;;;;;;;;;;;;;;;;;;;;;;;;
;;;;;;;;;;;;;;;;;;;;;;;;;
;;;;;;;;;;;;;;;;;;;;;;;;;
;;;;;;;;;;;;;;;;;;;;;;;;;
;;;;;;;;;;;;;;;;;;;;;;;;;
;;;;;;;;;;;;;;;;;;;;;;;;;
;;;;;;;;;;;;;;;;;;;;;;;;;
;;;;;;;;;;;;;;;;;;;;;;;;;
;;;;;;;;;;;;;;;;;;;;;;;;;
;;;;;;;;;;;;;;;;;;;;;;;;;
;;;;;;;;;;;;;;;;;;;;;;;;;
;;;;;;;;;;;;;;;;;;;;;;;;;
;;;;;;;;;;;;;;;;;;;;;;;;;
;;;;;;;;;;;;;;;;;;;;;;;;;
;;;;;;;;;;;;;;;;;;;;;;;;;
;;;;;;;;;;;;;;;;;;;;;;;;;
;;;;;;;;;;;;;;;;;;;;;;;;;
;;;;;;;;;;;;;;;;;;;;;;;;;
;;;;;;;;;;;;;;;;;;;;;;;;;
;;;;;;;;;;;;;;;;;;;;;;;;;
;;;;;;;;;;;;;;;;;;;;;;;;;
;;;;;;;;;;;;;;;;;;;;;;;;;
;;;;;;;;;;;;;;;;;;;;;;;;;
;;;;;;;;;;;;;;;;;;;;;;;;;
;;;;;;;;;;;;;;;;;;;;;;;;;
;;;;;;;;;;;;;;;;;;;;;;;;;
;;;;;;;;;;;;;;;;;;;;;;;;;
;;;;;;;;;;;;;;;;;;;;;;;;;
;;;;;;;;;;;;;;;;;;;;;;;;;
;;;;;;;;;;;;;;;;;;;;;;;;;
;;;;;;;;;;;;;;;;;;;;;;;;;
;;;;;;;;;;;;;;;;;;;;;;;;;
;;;;;;;;;;;;;;;;;;;;;;;;;
;;;;;;;;;;;;;;;;;;;;;;;;;
;;;;;;;;;;;;;;;;;;;;;;;;;
;;;;;;;;;;;;;;;;;;;;;;;;;
;;;;;;;;;;;;;;;;;;;;;;;;;
;;;;;;;;;;;;;;;;;;;;;;;;;
;;;;;;;;;;;;;;;;;;;;;;;;;
;;;;;;;;;;;;;;;;;;;;;;;;;
;;;;;;;;;;;;;;;;;;;;;;;;;
;;;;;;;;;;;;;;;;;;;;;;;;;
;;;;;;;;;;;;;;;;;;;;;;;;;
;;;;;;;;;;;;;;;;;;;;;;;;;
;;;;;;;;;;;;;;;;;;;;;;;;;
;;;;;;;;;;;;;;;;;;;;;;;;;
;;;;;;;;;;;;;;;;;;;;;;;;;
;;;;;;;;;;;;;;;;;;;;;;;;;
;;;;;;;;;;;;;;;;;;;;;;;;;
;;;;;;;;;;;;;;;;;;;;;;;;;
;;;;;;;;;;;;;;;;;;;;;;;;;
;;;;;;;;;;;;;;;;;;;;;;;;;
;;;;;;;;;;;;;;;;;;;;;;;;;
;;;;;;;;;;;;;;;;;;;;;;;;;
;;;;;;;;;;;;;;;;;;;;;;;;;
;;;;;;;;;;;;;;;;;;;;;;;;;
;;;;;;;;;;;;;;;;;;;;;;;;;
;;;;;;;;;;;;;;;;;;;;;;;;;
;;;;;;;;;;;;;;;;;;;;;;;;;
;;;;;;;;;;;;;;;;;;;;;;;;;
;;;;;;;;;;;;;;;;;;;;;;;;;
;;;;;;;;;;;;;;;;;;;;;;;;;
;;;;;;;;;;;;;;;;;;;;;;;;;
;;;;;;;;;;;;;;;;;;;;;;;;;
;;;;;;;;;;;;;;;;;;;;;;;;;
;;;;;;;;;;;;;;;;;;;;;;;;;
;;;;;;;;;;;;;;;;;;;;;;;;;
;;;;;;;;;;;;;;;;;;;;;;;;;
;;;;;;;;;;;;;;;;;;;;;;;;;
;;;;;;;;;;;;;;;;;;;;;;;;;
;;;;;;;;;;;;;;;;;;;;;;;;;
;;;;;;;;;;;;;;;;;;;;;;;;;
;;;;;;;;;;;;;;;;;;;;;;;;;
;;;;;;;;;;;;;;;;;;;;;;;;;
;;;;;;;;;;;;;;;;;;;;;;;;;
;;;;;;;;;;;;;;;;;;;;;;;;;
;;;;;;;;;;;;;;;;;;;;;;;;;
;;;;;;;;;;;;;;;;;;;;;;;;;
;;;;;;;;;;;;;;;;;;;;;;;;;
;;;;;;;;;;;;;;;;;;;;;;;;;
;;;;;;;;;;;;;;;;;;;;;;;;;
;;;;;;;;;;;;;;;;;;;;;;;;;
;;;;;;;;;;;;;;;;;;;;;;;;;
;;;;;;;;;;;;;;;;;;;;;;;;;
;;;;;;;;;;;;;;;;;;;;;;;;;
;;;;;;;;;;;;;;;;;;;;;;;;;
;;;;;;;;;;;;;;;;;;;;;;;;;
;;;;;;;;;;;;;;;;;;;;;;;;;
;;;;;;;;;;;;;;;;;;;;;;;;;
;;;;;;;;;;;;;;;;;;;;;;;;;
;;;;;;;;;;;;;;;;;;;;;;;;;
;;;;;;;;;;;;;;;;;;;;;;;;;
;;;;;;;;;;;;;;;;;;;;;;;;;
;;;;;;;;;;;;;;;;;;;;;;;;;
;;;;;;;;;;;;;;;;;;;;;;;;;
;;;;;;;;;;;;;;;;;;;;;;;;;
;;;;;;;;;;;;;;;;;;;;;;;;;
;;;;;;;;;;;;;;;;;;;;;;;;;
;;;;;;;;;;;;;;;;;;;;;;;;;
;;;;;;;;;;;;;;;;;;;;;;;;;
;;;;;;;;;;;;;;;;;;;;;;;;;
;;;;;;;;;;;;;;;;;;;;;;;;;
;;;;;;;;;;;;;;;;;;;;;;;;;
;;;;;;;;;;;;;;;;;;;;;;;;;
;;;;;;;;;;;;;;;;;;;;;;;;;
;;;;;;;;;;;;;;;;;;;;;;;;;
;;;;;;;;;;;;;;;;;;;;;;;;;
;;;;;;;;;;;;;;;;;;;;;;;;;
;;;;;;;;;;;;;;;;;;;;;;;;;
;;;;;;;;;;;;;;;;;;;;;;;;;
;;;;;;;;;;;;;;;;;;;;;;;;;
;;;;;;;;;;;;;;;;;;;;;;;;;
;;;;;;;;;;;;;;;;;;;;;;;;;
;;;;;;;;;;;;;;;;;;;;;;;;;
;;;;;;;;;;;;;;;;;;;;;;;;;
;;;;;;;;;;;;;;;;;;;;;;;;;
;;;;;;;;;;;;;;;;;;;;;;;;;
;;;;;;;;;;;;;;;;;;;;;;;;;
;;;;;;;;;;;;;;;;;;;;;;;;;
;;;;;;;;;;;;;;;;;;;;;;;;;
;;;;;;;;;;;;;;;;;;;;;;;;;
;;;;;;;;;;;;;;;;;;;;;;;;;
;;;;;;;;;;;;;;;;;;;;;;;;;
;;;;;;;;;;;;;;;;;;;;;;;;;
;;;;;;;;;;;;;;;;;;;;;;;;;
;;;;;;;;;;;;;;;;;;;;;;;;;
;;;;;;;;;;;;;;;;;;;;;;;;;
;;;;;;;;;;;;;;;;;;;;;;;;;
;;;;;;;;;;;;;;;;;;;;;;;;;
;;;;;;;;;;;;;;;;;;;;;;;;;
;;;;;;;;;;;;;;;;;;;;;;;;;
;;;;;;;;;;;;;;;;;;;;;;;;;
;;;;;;;;;;;;;;;;;;;;;;;;;
;;;;;;;;;;;;;;;;;;;;;;;;;
;;;;;;;;;;;;;;;;;;;;;;;;;
;;;;;;;;;;;;;;;;;;;;;;;;;
;;;;;;;;;;;;;;;;;;;;;;;;;
;;;;;;;;;;;;;;;;;;;;;;;;;
;;;;;;;;;;;;;;;;;;;;;;;;;
;;;;;;;;;;;;;;;;;;;;;;;;;
;;;;;;;;;;;;;;;;;;;;;;;;;
;;;;;;;;;;;;;;;;;;;;;;;;;
;;;;;;;;;;;;;;;;;;;;;;;;;
;;;;;;;;;;;;;;;;;;;;;;;;;
;;;;;;;;;;;;;;;;;;;;;;;;;
;;;;;;;;;;;;;;;;;;;;;;;;;
;;;;;;;;;;;;;;;;;;;;;;;;;
;;;;;;;;;;;;;;;;;;;;;;;;;
;;;;;;;;;;;;;;;;;;;;;;;;;
;;;;;;;;;;;;;;;;;;;;;;;;;
;;;;;;;;;;;;;;;;;;;;;;;;;
;;;;;;;;;;;;;;;;;;;;;;;;;
;;;;;;;;;;;;;;;;;;;;;;;;;
;;;;;;;;;;;;;;;;;;;;;;;;;
;;;;;;;;;;;;;;;;;;;;;;;;;
;;;;;;;;;;;;;;;;;;;;;;;;;
;;;;;;;;;;;;;;;;;;;;;;;;;
;;;;;;;;;;;;;;;;;;;;;;;;;
;;;;;;;;;;;;;;;;;;;;;;;;;
;;;;;;;;;;;;;;;;;;;;;;;;;
;;;;;;;;;;;;;;;;;;;;;;;;;
;;;;;;;;;;;;;;;;;;;;;;;;;
;;;;;;;;;;;;;;;;;;;;;;;;;
;;;;;;;;;;;;;;;;;;;;;;;;;
;;;;;;;;;;;;;;;;;;;;;;;;;
;;;;;;;;;;;;;;;;;;;;;;;;;
;;;;;;;;;;;;;;;;;;;;;;;;;
;;;;;;;;;;;;;;;;;;;;;;;;;
;;;;;;;;;;;;;;;;;;;;;;;;;
;;;;;;;;;;;;;;;;;;;;;;;;;
;;;;;;;;;;;;;;;;;;;;;;;;;
;;;;;;;;;;;;;;;;;;;;;;;;;
;;;;;;;;;;;;;;;;;;;;;;;;;
;;;;;;;;;;;;;;;;;;;;;;;;;
;;;;;;;;;;;;;;;;;;;;;;;;;
;;;;;;;;;;;;;;;;;;;;;;;;;
;;;;;;;;;;;;;;;;;;;;;;;;;
;;;;;;;;;;;;;;;;;;;;;;;;;
;;;;;;;;;;;;;;;;;;;;;;;;;
;;;;;;;;;;;;;;;;;;;;;;;;;
;;;;;;;;;;;;;;;;;;;;;;;;;
;;;;;;;;;;;;;;;;;;;;;;;;;
;;;;;;;;;;;;;;;;;;;;;;;;;
;;;;;;;;;;;;;;;;;;;;;;;;;
;;;;;;;;;;;;;;;;;;;;;;;;;
;;;;;;;;;;;;;;;;;;;;;;;;;
;;;;;;;;;;;;;;;;;;;;;;;;;
;;;;;;;;;;;;;;;;;;;;;;;;;
;;;;;;;;;;;;;;;;;;;;;;;;;
;;;;;;;;;;;;;;;;;;;;;;;;;
;;;;;;;;;;;;;;;;;;;;;;;;;
;;;;;;;;;;;;;;;;;;;;;;;;;
;;;;;;;;;;;;;;;;;;;;;;;;;
;;;;;;;;;;;;;;;;;;;;;;;;;
;;;;;;;;;;;;;;;;;;;;;;;;;
;;;;;;;;;;;;;;;;;;;;;;;;;
;;;;;;;;;;;;;;;;;;;;;;;;;
;;;;;;;;;;;;;;;;;;;;;;;;;
;;;;;;;;;;;;;;;;;;;;;;;;;
;;;;;;;;;;;;;;;;;;;;;;;;;
;;;;;;;;;;;;;;;;;;;;;;;;;
;;;;;;;;;;;;;;;;;;;;;;;;;
;;;;;;;;;;;;;;;;;;;;;;;;;
;;;;;;;;;;;;;;;;;;;;;;;;;
;;;;;;;;;;;;;;;;;;;;;;;;;
;;;;;;;;;;;;;;;;;;;;;;;;;
;;;;;;;;;;;;;;;;;;;;;;;;;
;;;;;;;;;;;;;;;;;;;;;;;;;
;;;;;;;;;;;;;;;;;;;;;;;;;
;;;;;;;;;;;;;;;;;;;;;;;;;
;;;;;;;;;;;;;;;;;;;;;;;;;
;;;;;;;;;;;;;;;;;;;;;;;;;
;;;;;;;;;;;;;;;;;;;;;;;;;
;;;;;;;;;;;;;;;;;;;;;;;;;
;;;;;;;;;;;;;;;;;;;;;;;;;
;;;;;;;;;;;;;;;;;;;;;;;;;
;;;;;;;;;;;;;;;;;;;;;;;;;
;;;;;;;;;;;;;;;;;;;;;;;;;
;;;;;;;;;;;;;;;;;;;;;;;;;
;;;;;;;;;;;;;;;;;;;;;;;;;
;;;;;;;;;;;;;;;;;;;;;;;;;
;;;;;;;;;;;;;;;;;;;;;;;;;
;;;;;;;;;;;;;;;;;;;;;;;;;
;;;;;;;;;;;;;;;;;;;;;;;;;
;;;;;;;;;;;;;;;;;;;;;;;;;
;;;;;;;;;;;;;;;;;;;;;;;;;
;;;;;;;;;;;;;;;;;;;;;;;;;
;;;;;;;;;;;;;;;;;;;;;;;;;
;;;;;;;;;;;;;;;;;;;;;;;;;
;;;;;;;;;;;;;;;;;;;;;;;;;
;;;;;;;;;;;;;;;;;;;;;;;;;
;;;;;;;;;;;;;;;;;;;;;;;;;
;;;;;;;;;;;;;;;;;;;;;;;;;
;;;;;;;;;;;;;;;;;;;;;;;;;
;;;;;;;;;;;;;;;;;;;;;;;;;
;;;;;;;;;;;;;;;;;;;;;;;;;
;;;;;;;;;;;;;;;;;;;;;;;;;
;;;;;;;;;;;;;;;;;;;;;;;;;
;;;;;;;;;;;;;;;;;;;;;;;;;
;;;;;;;;;;;;;;;;;;;;;;;;;
;;;;;;;;;;;;;;;;;;;;;;;;;
;;;;;;;;;;;;;;;;;;;;;;;;;
;;;;;;;;;;;;;;;;;;;;;;;;;
;;;;;;;;;;;;;;;;;;;;;;;;;
;;;;;;;;;;;;;;;;;;;;;;;;;
;;;;;;;;;;;;;;;;;;;;;;;;;
;;;;;;;;;;;;;;;;;;;;;;;;;
;;;;;;;;;;;;;;;;;;;;;;;;;
;;;;;;;;;;;;;;;;;;;;;;;;;
;;;;;;;;;;;;;;;;;;;;;;;;;
;;;;;;;;;;;;;;;;;;;;;;;;;
;;;;;;;;;;;;;;;;;;;;;;;;;
;;;;;;;;;;;;;;;;;;;;;;;;;
;;;;;;;;;;;;;;;;;;;;;;;;;
;;;;;;;;;;;;;;;;;;;;;;;;;
;;;;;;;;;;;;;;;;;;;;;;;;;
;;;;;;;;;;;;;;;;;;;;;;;;;
;;;;;;;;;;;;;;;;;;;;;;;;;
;;;;;;;;;;;;;;;;;;;;;;;;;
;;;;;;;;;;;;;;;;;;;;;;;;;
;;;;;;;;;;;;;;;;;;;;;;;;;
;;;;;;;;;;;;;;;;;;;;;;;;;
;;;;;;;;;;;;;;;;;;;;;;;;;
;;;;;;;;;;;;;;;;;;;;;;;;;
;;;;;;;;;;;;;;;;;;;;;;;;;
;;;;;;;;;;;;;;;;;;;;;;;;;
;;;;;;;;;;;;;;;;;;;;;;;;;
;;;;;;;;;;;;;;;;;;;;;;;;;
;;;;;;;;;;;;;;;;;;;;;;;;;
;;;;;;;;;;;;;;;;;;;;;;;;;
;;;;;;;;;;;;;;;;;;;;;;;;;
;;;;;;;;;;;;;;;;;;;;;;;;;
;;;;;;;;;;;;;;;;;;;;;;;;;
;;;;;;;;;;;;;;;;;;;;;;;;;
;;;;;;;;;;;;;;;;;;;;;;;;;
;;;;;;;;;;;;;;;;;;;;;;;;;
;;;;;;;;;;;;;;;;;;;;;;;;;
;;;;;;;;;;;;;;;;;;;;;;;;;
;;;;;;;;;;;;;;;;;;;;;;;;;
;;;;;;;;;;;;;;;;;;;;;;;;;
;;;;;;;;;;;;;;;;;;;;;;;;;
;;;;;;;;;;;;;;;;;;;;;;;;;
;;;;;;;;;;;;;;;;;;;;;;;;;
;;;;;;;;;;;;;;;;;;;;;;;;;
;;;;;;;;;;;;;;;;;;;;;;;;;
;;;;;;;;;;;;;;;;;;;;;;;;;
;;;;;;;;;;;;;;;;;;;;;;;;;
;;;;;;;;;;;;;;;;;;;;;;;;;
;;;;;;;;;;;;;;;;;;;;;;;;;
;;;;;;;;;;;;;;;;;;;;;;;;;
;;;;;;;;;;;;;;;;;;;;;;;;;
;;;;;;;;;;;;;;;;;;;;;;;;;
;;;;;;;;;;;;;;;;;;;;;;;;;
;;;;;;;;;;;;;;;;;;;;;;;;;
;;;;;;;;;;;;;;;;;;;;;;;;;
;;;;;;;;;;;;;;;;;;;;;;;;;
;;;;;;;;;;;;;;;;;;;;;;;;;
;;;;;;;;;;;;;;;;;;;;;;;;;
;;;;;;;;;;;;;;;;;;;;;;;;;
;;;;;;;;;;;;;;;;;;;;;;;;;
;;;;;;;;;;;;;;;;;;;;;;;;;
;;;;;;;;;;;;;;;;;;;;;;;;;
;;;;;;;;;;;;;;;;;;;;;;;;;
;;;;;;;;;;;;;;;;;;;;;;;;;
;;;;;;;;;;;;;;;;;;;;;;;;;
;;;;;;;;;;;;;;;;;;;;;;;;;
;;;;;;;;;;;;;;;;;;;;;;;;;
;;;;;;;;;;;;;;;;;;;;;;;;;
;;;;;;;;;;;;;;;;;;;;;;;;;
;;;;;;;;;;;;;;;;;;;;;;;;;
;;;;;;;;;;;;;;;;;;;;;;;;;
;;;;;;;;;;;;;;;;;;;;;;;;;
;;;;;;;;;;;;;;;;;;;;;;;;;
;;;;;;;;;;;;;;;;;;;;;;;;;
;;;;;;;;;;;;;;;;;;;;;;;;;
;;;;;;;;;;;;;;;;;;;;;;;;;
;;;;;;;;;;;;;;;;;;;;;;;;;
;;;;;;;;;;;;;;;;;;;;;;;;;
;;;;;;;;;;;;;;;;;;;;;;;;;
;;;;;;;;;;;;;;;;;;;;;;;;;
;;;;;;;;;;;;;;;;;;;;;;;;;
;;;;;;;;;;;;;;;;;;;;;;;;;
;;;;;;;;;;;;;;;;;;;;;;;;;
;;;;;;;;;;;;;;;;;;;;;;;;;
;;;;;;;;;;;;;;;;;;;;;;;;;
;;;;;;;;;;;;;;;;;;;;;;;;;
;;;;;;;;;;;;;;;;;;;;;;;;;
;;;;;;;;;;;;;;;;;;;;;;;;;
;;;;;;;;;;;;;;;;;;;;;;;;;
;;;;;;;;;;;;;;;;;;;;;;;;;
;;;;;;;;;;;;;;;;;;;;;;;;;
;;;;;;;;;;;;;;;;;;;;;;;;;
;;;;;;;;;;;;;;;;;;;;;;;;;
;;;;;;;;;;;;;;;;;;;;;;;;;
;;;;;;;;;;;;;;;;;;;;;;;;;
;;;;;;;;;;;;;;;;;;;;;;;;;
;;;;;;;;;;;;;;;;;;;;;;;;;
;;;;;;;;;;;;;;;;;;;;;;;;;
;;;;;;;;;;;;;;;;;;;;;;;;;
;;;;;;;;;;;;;;;;;;;;;;;;;
;;;;;;;;;;;;;;;;;;;;;;;;;
;;;;;;;;;;;;;;;;;;;;;;;;;
;;;;;;;;;;;;;;;;;;;;;;;;;
;;;;;;;;;;;;;;;;;;;;;;;;;
;;;;;;;;;;;;;;;;;;;;;;;;;
;;;;;;;;;;;;;;;;;;;;;;;;;
;;;;;;;;;;;;;;;;;;;;;;;;;
;;;;;;;;;;;;;;;;;;;;;;;;;
;;;;;;;;;;;;;;;;;;;;;;;;;
;;;;;;;;;;;;;;;;;;;;;;;;;
;;;;;;;;;;;;;;;;;;;;;;;;;
;;;;;;;;;;;;;;;;;;;;;;;;;
;;;;;;;;;;;;;;;;;;;;;;;;;
;;;;;;;;;;;;;;;;;;;;;;;;;
;;;;;;;;;;;;;;;;;;;;;;;;;
;;;;;;;;;;;;;;;;;;;;;;;;;
;;;;;;;;;;;;;;;;;;;;;;;;;
;;;;;;;;;;;;;;;;;;;;;;;;;
;;;;;;;;;;;;;;;;;;;;;;;;;
;;;;;;;;;;;;;;;;;;;;;;;;;
;;;;;;;;;;;;;;;;;;;;;;;;;
;;;;;;;;;;;;;;;;;;;;;;;;;
;;;;;;;;;;;;;;;;;;;;;;;;;
;;;;;;;;;;;;;;;;;;;;;;;;;
;;;;;;;;;;;;;;;;;;;;;;;;;
;;;;;;;;;;;;;;;;;;;;;;;;;
;;;;;;;;;;;;;;;;;;;;;;;;;
;;;;;;;;;;;;;;;;;;;;;;;;;
;;;;;;;;;;;;;;;;;;;;;;;;;
;;;;;;;;;;;;;;;;;;;;;;;;;
;;;;;;;;;;;;;;;;;;;;;;;;;
;;;;;;;;;;;;;;;;;;;;;;;;;
;;;;;;;;;;;;;;;;;;;;;;;;;
;;;;;;;;;;;;;;;;;;;;;;;;;
;;;;;;;;;;;;;;;;;;;;;;;;;
;;;;;;;;;;;;;;;;;;;;;;;;;
;;;;;;;;;;;;;;;;;;;;;;;;;
;;;;;;;;;;;;;;;;;;;;;;;;;
;;;;;;;;;;;;;;;;;;;;;;;;;
;;;;;;;;;;;;;;;;;;;;;;;;;
;;;;;;;;;;;;;;;;;;;;;;;;;
;;;;;;;;;;;;;;;;;;;;;;;;;
;;;;;;;;;;;;;;;;;;;;;;;;;
;;;;;;;;;;;;;;;;;;;;;;;;;
;;;;;;;;;;;;;;;;;;;;;;;;;
;;;;;;;;;;;;;;;;;;;;;;;;;
;;;;;;;;;;;;;;;;;;;;;;;;;
;;;;;;;;;;;;;;;;;;;;;;;;;
;;;;;;;;;;;;;;;;;;;;;;;;;
;;;;;;;;;;;;;;;;;;;;;;;;;
;;;;;;;;;;;;;;;;;;;;;;;;;
;;;;;;;;;;;;;;;;;;;;;;;;;
;;;;;;;;;;;;;;;;;;;;;;;;;
;;;;;;;;;;;;;;;;;;;;;;;;;
;;;;;;;;;;;;;;;;;;;;;;;;;
;;;;;;;;;;;;;;;;;;;;;;;;;
;;;;;;;;;;;;;;;;;;;;;;;;;
;;;;;;;;;;;;;;;;;;;;;;;;;
;;;;;;;;;;;;;;;;;;;;;;;;;
;;;;;;;;;;;;;;;;;;;;;;;;;
;;;;;;;;;;;;;;;;;;;;;;;;;
;;;;;;;;;;;;;;;;;;;;;;;;;
;;;;;;;;;;;;;;;;;;;;;;;;;
;;;;;;;;;;;;;;;;;;;;;;;;;
;;;;;;;;;;;;;;;;;;;;;;;;;
;;;;;;;;;;;;;;;;;;;;;;;;;
;;;;;;;;;;;;;;;;;;;;;;;;;
;;;;;;;;;;;;;;;;;;;;;;;;;
;;;;;;;;;;;;;;;;;;;;;;;;;
;;;;;;;;;;;;;;;;;;;;;;;;;
;;;;;;;;;;;;;;;;;;;;;;;;;
;;;;;;;;;;;;;;;;;;;;;;;;;
;;;;;;;;;;;;;;;;;;;;;;;;;
;;;;;;;;;;;;;;;;;;;;;;;;;
;;;;;;;;;;;;;;;;;;;;;;;;;
;;;;;;;;;;;;;;;;;;;;;;;;;
;;;;;;;;;;;;;;;;;;;;;;;;;
;;;;;;;;;;;;;;;;;;;;;;;;;
;;;;;;;;;;;;;;;;;;;;;;;;;
;;;;;;;;;;;;;;;;;;;;;;;;;
;;;;;;;;;;;;;;;;;;;;;;;;;
;;;;;;;;;;;;;;;;;;;;;;;;;
